date,0,1,2,3,4,5,6
1/3/2016,-0.383817161,-0.212375651,-0.722786519,-0.576028596,0.501499985,-0.07848262,-1.471990561
1/10/2016,-0.132168416,-0.320418839,-0.847942873,-0.579700497,0.500649934,-0.077005797,-1.456586488
1/17/2016,0.173917527,-0.386602577,-0.935873067,-0.582448184,0.499521116,-0.075523086,-1.307008271
1/24/2016,0.353227982,-0.419204829,-0.980352678,-0.584255265,0.498111272,-0.074034574,-1.206508091
1/31/2016,0.351915296,-0.421181844,-0.975392342,-0.585087264,0.496418145,-0.072540351,-1.20586836
2/7/2016,0.144843465,-0.374802802,-0.918173361,-0.584837363,0.494439476,-0.071040506,-1.309571091
2/14/2016,-0.293488415,-0.259414315,-0.815033768,-0.58338147,0.492173821,-0.069535127,-1.528679273
2/21/2016,0.27531457,-0.066903042,-0.67454201,-0.580598746,0.489622986,-0.068024304,-0.625130546
2/28/2016,-0.169473039,0.152294837,-0.505266537,-0.576369167,0.486789592,-0.066508125,-0.678532439
3/6/2016,-0.252619276,0.308722717,-0.315775798,-0.570572706,0.48367626,-0.064986679,-0.411555481
3/13/2016,-0.228294019,0.372288138,-0.114638242,-0.563089338,0.48028561,-0.063460055,-0.116907906
3/20/2016,0.016937663,0.351974521,0.090007011,-0.553799037,0.476620263,-0.061928343,0.319812077
3/27/2016,0.250201433,0.260912263,0.291731748,-0.542581778,0.472682838,-0.06039163,0.672554873
4/3/2016,0.003159292,0.117612219,0.484511464,-0.529317535,0.468475957,-0.058850007,0.48559139
4/10/2016,-0.240678184,-0.035756361,0.661799909,-0.513886283,0.46400224,-0.057303561,0.278177761
4/17/2016,-0.252645104,-0.153815388,0.816120006,-0.496167996,0.459264307,-0.055752382,0.317003443
4/24/2016,-0.108435497,-0.214833291,0.944001411,-0.476042648,0.454264779,-0.054196559,0.544758195
5/1/2016,-0.001005764,-0.224175773,1.043104296,-0.453390215,0.449006277,-0.05263618,0.760902641
5/8/2016,0.157317004,-0.193078516,1.111343669,-0.428090669,0.44349142,-0.051071334,1.039911574
5/15/2016,0.202284312,-0.133796531,1.147653864,-0.400023987,0.437722829,-0.049502111,1.204338376
5/22/2016,-0.017619696,-0.058441487,1.151237683,-0.369083777,0.431703126,-0.047928599,1.089867249
5/29/2016,-0.14559366,0.022467659,1.12140728,-0.335273001,0.425434929,-0.046350887,1.04209232
6/5/2016,0.036708025,0.091920908,1.05770767,-0.298827481,0.418920861,-0.044769064,1.261660918
6/12/2016,0.082107089,0.106149189,0.961318007,-0.260037846,0.41216354,-0.04318322,1.25851676
6/19/2016,-0.057459777,0.034620834,0.839401207,-0.219194725,0.405165588,-0.041593442,0.960939685
6/26/2016,0.043539376,-0.065397473,0.699365199,-0.176588749,0.397929625,-0.03999982,0.85884816
7/3/2016,-0.042203176,-0.077844134,0.548284338,-0.132510546,0.390458272,-0.038402442,0.647782312
7/10/2016,-0.012191798,-0.013378529,0.393761585,-0.087250745,0.382754149,-0.036801398,0.626893263
7/17/2016,-0.001308717,0.061228948,0.245336449,-0.041099977,0.374819877,-0.035196777,0.603779803
7/24/2016,0.072497576,0.076475693,0.110530862,0.00565113,0.366658075,-0.033588667,0.59822467
7/31/2016,0.006995553,-0.00125605,-0.010999315,0.052711946,0.358271365,-0.031977157,0.373746342
8/7/2016,-0.065646359,-0.090275394,-0.122831743,0.099791842,0.349662367,-0.030362336,0.140338376
8/14/2016,0.047537264,-0.099336242,-0.229303751,0.146600189,0.340833702,-0.028744294,0.177586867
8/21/2016,0.006262835,-0.023504039,-0.336030489,0.192846356,0.331787989,-0.027123118,0.144239533
8/28/2016,-0.021843726,0.078009289,-0.447589255,0.238239716,0.322527849,-0.025498899,0.143844975
9/4/2016,0.031902793,0.143478027,-0.567824929,0.282489638,0.313055904,-0.023871724,0.179229708
9/11/2016,-0.044598099,0.16035175,-0.699100519,0.325305493,0.303374773,-0.022241683,0.023091715
9/18/2016,-0.00496044,0.127175477,-0.841719913,0.366396652,0.293487076,-0.020608865,-0.080230012
9/25/2016,0.033058434,0.052204252,-0.989232382,0.405472485,0.283395435,-0.018973358,-0.234075133
10/2/2016,-0.031022164,-0.06810353,-1.133498544,0.442242364,0.27310247,-0.017335252,-0.534614656
10/9/2016,0.057712005,-0.203575612,-1.266379014,0.476415658,0.262610801,-0.015694635,-0.688910798
10/16/2016,-0.030296331,-0.264274257,-1.379734412,0.507701738,0.251923048,-0.014051596,-0.928731809
10/23/2016,-0.165094091,-0.191990291,-1.465508626,0.535809976,0.241041833,-0.012406225,-1.058147425
10/30/2016,-0.151849068,0.023580845,-1.515978645,0.560449741,0.229969775,-0.010758609,-0.864585961
11/6/2016,0.204436988,0.248242495,-1.523539807,0.581365484,0.218709496,-0.009108839,-0.279894182
11/13/2016,-0.046112065,0.341761705,-1.480714249,0.598428453,0.207263615,-0.007457002,-0.386829544
11/20/2016,-0.147077484,0.286020243,-1.381680507,0.611490866,0.195634753,-0.005803188,-0.441415318
11/27/2016,-0.137545533,0.100798991,-1.228392881,0.62039059,0.183826359,-0.004147486,-0.465069961
12/4/2016,-0.01131026,-0.170515433,-1.028831429,0.624962175,0.171845197,-0.002489985,-0.416339734
12/11/2016,0.184274727,-0.395326191,-0.791059256,0.625038848,0.159699355,-0.000830773,-0.218203289
12/18/2016,0.056632256,-0.404075298,-0.5200656,0.62045185,0.147398908,0.000830061,-0.098827824
12/25/2016,-0.338207766,-0.215597762,-0.224735326,0.611031926,0.134954422,0.002492427,-0.030062078
1/1/2017,0.410169411,0.072799443,0.080609973,0.596609821,0.122376469,0.004156237,1.286721354
1/8/2017,0.194563976,0.287498911,0.380525588,0.577016281,0.109675617,0.005821402,1.555101776
1/15/2017,-0.189514979,0.406611863,0.659566811,0.552082052,0.096862436,0.007487833,1.533096015
1/22/2017,-0.462243739,0.433122445,0.902288931,0.521637877,0.083947495,0.00915544,1.48790845
1/29/2017,-0.430084177,0.366223547,1.09415299,0.485514504,0.070941363,0.010824136,1.597572363
2/5/2017,-0.152745162,0.217605846,1.226529566,0.443542677,0.057854609,0.012493832,1.805281368
2/12/2017,0.341809609,0.022448367,1.30084115,0.39555314,0.044697803,0.014164437,2.119514506
2/19/2017,-0.301418112,-0.179377066,1.320723701,0.34144971,0.031481513,0.015835864,1.228695611
2/26/2017,0.033207894,-0.345903165,1.28939224,0.281557143,0.01821631,0.017508024,1.293978445
3/5/2017,0.247015151,-0.433775595,1.209474046,0.216787934,0.004912763,0.019180827,1.263595126
3/12/2017,0.219387643,-0.456613856,1.083467735,0.148183244,-0.00841856,0.020854185,1.006860391
3/19/2017,-0.168401652,-0.406369048,0.915001303,0.076784234,-0.021767089,0.022528008,0.417775757
3/26/2017,-0.184322052,-0.271821375,0.71259375,0.003632066,-0.035122255,0.024202209,0.249162343
4/2/2017,0.020787992,-0.063496554,0.487387372,-0.070232099,-0.048473488,0.025876697,0.351849921
4/9/2017,0.126745002,0.162527448,0.25187016,-0.1437671,-0.061810219,0.027551385,0.363116675
4/16/2017,0.117963975,0.340370451,0.021449099,-0.215931776,-0.07512188,0.029226183,0.217956051
4/23/2017,0.017581287,0.433299116,-0.191376072,-0.285684966,-0.0883979,0.030901002,-0.083677533
4/30/2017,-0.053290251,0.457156849,-0.376179753,-0.351985508,-0.10162771,0.032575753,-0.393350619
5/7/2017,0.052157219,0.440801258,-0.527216992,-0.41379224,-0.114800742,0.034250348,-0.528601148
5/14/2017,-0.066022511,0.36827239,-0.640901348,-0.470064003,-0.127906425,0.035924698,-0.9006972
5/21/2017,0.026832414,0.139696914,-0.713909935,-0.519759634,-0.140934191,0.037598713,-1.17047572
5/28/2017,0.10703745,-0.170433287,-0.742919869,-0.561837972,-0.15387347,0.039272304,-1.482754845
6/4/2017,-0.115455247,-0.416185453,-0.724515161,-0.59535096,-0.166713694,0.040945384,-1.977275131
6/11/2017,-0.048002642,-0.392295336,-0.657710717,-0.619829105,-0.179444292,0.042617863,-1.854664229
6/18/2017,0.100887181,-0.159410287,-0.552641577,-0.63532061,-0.192054696,0.044289651,-1.394250338
6/25/2017,-0.090305048,0.130742751,-0.422246095,-0.641979827,-0.204534336,0.045960661,-1.182361894
7/2/2017,-0.023444124,0.306020399,-0.279462621,-0.639960154,-0.216873596,0.047630803,-0.806089293
7/9/2017,0.08296047,0.351793453,-0.137229506,-0.6294106,-0.229067248,0.049299988,-0.511653444
7/16/2017,-0.048395592,0.301850938,-0.007299267,-0.61047691,-0.24111333,0.050968128,-0.554466033
7/23/2017,-0.086274691,0.209619486,0.103894743,-0.583304253,-0.253010456,0.052635133,-0.556440038
7/30/2017,-0.093726474,0.122969054,0.193408256,-0.548037794,-0.26475724,0.054300914,-0.535843284
8/6/2017,0.093894295,0.051483631,0.258872817,-0.504822702,-0.276352299,0.055965384,-0.320958874
8/13/2017,0.050038401,-0.01976371,0.298524044,-0.453804144,-0.287794245,0.057628452,-0.355171203
8/20/2017,-0.084721954,-0.102964735,0.312707914,-0.395127286,-0.299081695,0.05929003,-0.509897726
8/27/2017,0.079451789,-0.196754697,0.301200619,-0.32898712,-0.310213263,0.060950029,-0.394352642
9/3/2017,0.041897155,-0.263295165,0.263796222,-0.255902422,-0.321187563,0.06260836,-0.472083413
9/10/2017,-0.006429408,-0.279148031,0.200836597,-0.176939788,-0.332003211,0.064264934,-0.529418906
9/17/2017,-0.076431773,-0.228156229,0.113960667,-0.093433087,-0.342658821,0.065919663,-0.560799581
9/24/2017,-0.054700591,-0.108021347,0.010521746,-0.007287309,-0.353153008,0.067572456,-0.445068052
10/1/2017,0.055068839,0.043566928,-0.09685749,0.079449778,-0.363484386,0.069223226,-0.213033105
10/8/2017,0.094550486,0.179179324,-0.194530165,0.164730404,-0.373651571,0.070871884,-0.058849637
10/15/2017,0.076810518,0.254813656,-0.2688494,0.246506802,-0.383653177,0.07251834,-0.001853262
10/22/2017,0.041576943,0.24670003,-0.308586334,0.322843309,-0.393487819,0.074162506,-0.016791365
10/29/2017,-0.125703122,0.160702817,-0.312505996,0.392463176,-0.403154112,0.075804293,-0.212392945
11/5/2017,0.137140669,0.023513832,-0.283078749,0.455043646,-0.41265067,0.077443612,-0.002587661
11/12/2017,-0.148510168,-0.091839352,-0.223096786,0.510472438,-0.421976109,0.079080374,-0.295869603
11/19/2017,-0.031261505,-0.14653961,-0.135085137,0.55863727,-0.431129042,0.08071449,-0.104663534
11/26/2017,0.138964468,-0.155123903,-0.021302514,0.59942586,-0.440108086,0.082345871,0.204201696
12/3/2017,0.177107604,-0.139329242,0.112222439,0.632725926,-0.448911853,0.083974428,0.417789301
12/10/2017,0.046520071,-0.113916965,0.255347685,0.658425186,-0.45753896,0.085600072,0.474437089
12/17/2017,-0.11640255,-0.081371523,0.397103422,0.676411357,-0.465988021,0.087222715,0.4969754
12/24/2017,-0.186421026,-0.041315088,0.526519848,0.686572157,-0.474257651,0.088842268,0.599940508
12/31/2017,0.184027712,-0.000223625,0.632627158,0.688795759,-0.482346919,0.090458641,1.113338727
1/7/2018,-0.1535111,0.016002637,0.704455551,0.682972686,-0.490257243,0.092071746,0.851734277
1/14/2018,-0.177570095,0.00630348,0.731305116,0.668996047,-0.497992632,0.093681494,0.82472341
1/21/2018,-0.017872249,-0.017458457,0.70428203,0.64693587,-0.505557629,0.095287796,0.905617361
1/28/2018,0.185949291,-0.02043125,0.618455277,0.617567705,-0.512956776,0.096890563,0.98547481
2/4/2018,0.16505868,0.021554773,0.47533824,0.58184348,-0.520194614,0.098489706,0.822090266
2/11/2018,0.126696291,0.077980526,0.28722955,0.540715128,-0.527275686,0.100085136,0.605430945
2/18/2018,-0.254967387,0.105923652,0.06785523,0.495134577,-0.534204534,0.101676765,-0.018581697
2/25/2018,0.293801887,0.071899955,-0.169369756,0.446053759,-0.540985701,0.103264502,0.204664647
3/4/2018,-0.09051666,-0.018031323,-0.411005244,0.394424603,-0.547623728,0.104848261,-0.567904091
3/11/2018,-0.112252893,-0.136451373,-0.643602512,0.34119904,-0.554123158,0.106427951,-0.998802945
3/18/2018,-0.170588031,-0.252881132,-0.853712837,0.287329,-0.560488533,0.108003483,-1.442338049
3/25/2018,-0.464089612,-0.336841536,-1.027887497,0.233766414,-0.566724394,0.10957477,-2.052201856
4/1/2018,-0.035743933,-0.366861238,-1.15267777,0.181463211,-0.572835285,0.111141721,-1.835513294
4/8/2018,0.428782416,-0.356570507,-1.21556419,0.131371323,-0.578825748,0.112704248,-1.478102458
4/15/2018,0.499230831,-0.32264859,-1.209881232,0.08433788,-0.584700324,0.114262263,-1.419399173
4/22/2018,0.499128727,-0.268489052,-1.139210902,0.04068635,-0.590463556,0.115815675,-1.342532757
4/29/2018,0.347943973,-0.18017628,-1.012354546,0.000217525,-0.596119986,0.117364397,-1.323124917
5/6/2018,-0.254302785,-0.040948148,-0.838884117,-0.037372277,-0.601674156,0.118908339,-1.654273144
5/13/2018,-0.374992663,0.142898437,-0.628371565,-0.072386735,-0.607130608,0.120447412,-1.419535721
5/20/2018,-0.299541769,0.351463376,-0.390388841,-0.105129528,-0.612493885,0.121981528,-0.93410912
5/27/2018,-0.047292437,0.510483804,-0.134507898,-0.135904338,-0.617768529,0.123510598,-0.301478799
6/3/2018,0.17421215,0.531668338,0.129699315,-0.165014844,-0.622959081,0.125034532,0.17264041
6/10/2018,-0.112702559,0.354567182,0.392936895,-0.192764725,-0.628070085,0.126553242,-0.059480048
6/17/2018,-0.035635311,0.043776365,0.646456124,-0.219457661,-0.633106082,0.128066639,-0.069899925
6/24/2018,0.009108676,-0.265547997,0.879556274,-0.245397333,-0.638071614,0.129574634,-0.130777359
7/1/2018,0.022795617,-0.47687807,1.080979604,-0.270887421,-0.642971224,0.131077138,-0.155884356
7/8/2018,-0.040455589,-0.536135904,1.239927186,-0.296231603,-0.647809454,0.132574063,-0.148131302
7/15/2018,0.086186942,-0.454748977,1.349835507,-0.321733561,-0.652590846,0.134065318,0.141014384
7/22/2018,-0.156918399,-0.294624038,1.414200504,-0.347696973,-0.657319942,0.135550816,0.093191969
7/29/2018,0.209324895,-0.126308673,1.4389069,-0.374414152,-0.662001285,0.137030468,0.622538154
8/5/2018,0.349753302,0.036067977,1.429779121,-0.402117108,-0.666639416,0.138504184,0.885348061
8/12/2018,0.198274237,0.192214318,1.392537257,-0.430933518,-0.671238877,0.139971875,0.820825293
8/19/2018,0.08192413,0.336933933,1.332751878,-0.460841539,-0.675804212,0.141433454,0.756397643
8/26/2018,-0.510313071,0.463804197,1.25595988,-0.491785654,-0.680339962,0.14288883,0.18021422
9/2/2018,-0.788127086,0.565724147,1.1683765,-0.523710344,-0.684850669,0.144337915,-0.118249537
9/9/2018,-0.3664494,0.631748831,1.07893034,-0.556560091,-0.689340876,0.14578062,0.244109425
9/16/2018,-0.048373342,0.64755445,0.995406372,-0.590279377,-0.693815125,0.147216857,0.457709835
9/23/2018,0.147875742,0.605081306,0.918194841,-0.624812686,-0.698277957,0.148646535,0.496707782
9/30/2018,0.515800212,0.498518962,0.845436734,-0.660104498,-0.702733915,0.150069567,0.646987062
10/7/2018,0.802227841,0.322163804,0.775166213,-0.696099296,-0.707187542,0.151485863,0.647756884
10/14/2018,1.029959086,0.068853663,0.705417444,-0.732741562,-0.711643379,0.152895335,0.512740588
10/21/2018,1.094823188,-0.258656289,0.634224591,-0.769975778,-0.716105969,0.154297893,0.138607637
10/28/2018,0.92315289,-0.586386733,0.559621817,-0.807746426,-0.720579853,0.155693449,-0.476244856
11/4/2018,-0.97805832,-0.785900815,0.479643288,-0.845997988,-0.725069574,0.157081914,-2.698301497
11/11/2018,0.303063625,-0.751791351,0.391652198,-0.884674948,-0.729579675,0.158463199,-1.512866952
11/18/2018,0.780995756,-0.510137657,0.290989706,-0.923721785,-0.734114697,0.159837214,-0.936151463
11/25/2018,0.72547168,-0.127187395,0.174973362,-0.963082984,-0.738679183,0.161203872,-0.767300647
12/2/2018,0.444195533,0.304305247,0.041582555,-1.002703025,-0.743277674,0.162563083,-0.793334281
12/9/2018,-0.23398422,0.659217532,-0.111203327,-1.042526392,-0.747914713,0.163914758,-1.312496362
12/16/2018,-0.376758526,0.813717729,-0.28581505,-1.082497566,-0.752594842,0.165258808,-1.518689446
12/23/2018,-0.260336909,0.720418838,-0.483272128,-1.122561028,-0.757322604,0.166595145,-1.736478686
12/30/2018,0.117543799,0.451683248,-0.692796756,-1.162661263,-0.76210254,0.16792368,-1.880409831
1/6/2019,0.261139434,0.110215938,-0.90055926,-1.20274275,-0.766939192,0.169244323,-2.329641508
1/13/2019,0.12166669,-0.204146841,-1.092729965,-1.242749974,-0.771837104,0.170556986,-3.019240209
1/20/2019,0.001715536,-0.456841997,-1.255479199,-1.282627415,-0.776800816,0.171861579,-3.598172311
1/27/2019,-0.332268713,-0.630521363,-1.374977286,-1.322319556,-0.781834872,0.173158015,-4.268763775
2/3/2019,-0.048919861,-0.712480865,-1.437394554,-1.361770879,-0.786943813,0.174446203,-4.173063769
2/10/2019,0.347482099,-0.708592786,-1.428901327,-1.400925866,-0.792132181,0.175726056,-3.807344006
2/17/2019,0.4211113,-0.626754275,-1.338436471,-1.439579686,-0.79740452,0.176997483,-3.604066168
2/24/2019,-0.412263139,-0.451726671,-1.167543728,-1.476930253,-0.80276537,0.178260397,-4.132968764
3/3/2019,-0.342417345,-0.1469635,-0.926658286,-1.512026168,-0.808219275,0.179514709,-3.556769865
3/10/2019,-0.311038364,0.208952391,-0.62774606,-1.543916032,-0.813770775,0.180760329,-2.906758512
3/17/2019,0.253430657,0.505491098,-0.282772965,-1.571648445,-0.819424415,0.181997168,-1.732926902
3/24/2019,0.094627141,0.648010711,0.096295083,-1.594272009,-0.825184735,0.183225138,-1.39729867
3/31/2019,-0.121327727,0.607364417,0.495549041,-1.610835323,-0.831056277,0.18444415,-1.27586172
4/7/2019,-0.077641505,0.393518817,0.891922361,-1.62038699,-0.837043585,0.185654115,-1.063976788
4/14/2019,0.064078715,0.085358276,1.254865413,-1.62197561,-0.843151201,0.186854943,-0.873969463
4/21/2019,-0.084097071,-0.226903131,1.553299461,-1.614653145,-0.849380304,0.188046547,-1.033687643
4/28/2019,0.131257538,-0.506825403,1.759569288,-1.597485003,-0.85571863,0.189228837,-0.879973373
5/5/2019,-0.129971468,-0.607737513,1.850448417,-1.569539952,-0.862150554,0.190401724,-1.128549346
5/12/2019,-0.217462749,-0.466928464,1.820111229,-1.530012809,-0.868660449,0.191565119,-1.071388122
5/19/2019,0.212334713,-0.168716217,1.678835719,-1.478695647,-0.875232689,0.192718934,-0.438755187
5/26/2019,0.208854854,0.07277363,1.440381595,-1.415878878,-0.881851648,0.193863079,-0.381857367
6/2/2019,-0.114919231,0.18042637,1.116475485,-1.341945989,-0.8885017,0.194997466,-0.853467599
6/9/2019,0.073413251,0.268946511,0.712471943,-1.257280464,-0.895167218,0.196122005,-0.901493972
6/16/2019,-0.066439687,0.408578872,0.240129583,-1.162265788,-0.901832578,0.197236609,-1.28459299
6/23/2019,-0.00374082,0.444132931,-0.284783989,-1.057285448,-0.908482152,0.198341187,-1.61181829
6/30/2019,0.145847406,0.300471495,-0.836095637,-0.942722928,-0.915100314,0.199435651,-2.048164327
7/7/2019,-0.205420539,-0.000630243,-1.374156649,-0.818961714,-0.921671439,0.200519912,-3.120320673
7/14/2019,-0.100409717,-0.251262886,-1.856418531,-0.686385292,-0.9281799,0.201593881,-3.621062445
7/21/2019,0.343769999,-0.302390429,-2.240332787,-0.545377147,-0.934610072,0.20265747,-3.476282965
7/28/2019,0.180117024,-0.131622612,-2.485513662,-0.396320763,-0.940946328,0.203710589,-3.570575753
8/4/2019,-0.388834848,0.111497906,-2.564721061,-0.23965355,-0.947173042,0.204753149,-3.824131444
8/11/2019,-0.671520455,0.256720463,-2.470772442,-0.076112602,-0.953274587,0.205785062,-3.709174561
8/18/2019,0.04141307,0.186345293,-2.205929986,0.093175048,-0.959235339,0.206806239,-2.637425675
8/25/2019,0.692696402,-0.032722635,-1.796479875,0.266998368,-0.965039671,0.20781659,-1.626730821
9/1/2019,1.149495485,-0.278441194,-1.283882341,0.444146321,-0.970671956,0.208816027,-0.730537658
9/8/2019,0.783614748,-0.448667921,-0.70469138,0.623407875,-0.976116569,0.209804461,-0.512648785
9/15/2019,0.244623378,-0.504202705,-0.09249234,0.803571995,-0.981357883,0.210781803,-0.319075753
9/22/2019,-0.301712219,-0.425977225,0.524267795,0.983427646,-0.986380273,0.211747964,0.005373688
9/29/2019,-0.878284951,-0.200459859,1.122678739,1.161763795,-0.991168113,0.212702856,0.427232467
10/6/2019,-1.76946225,0.184747122,1.680964099,1.337369408,-0.995705775,0.213646388,0.651558992
10/13/2019,-1.417156817,0.711471735,2.177347485,1.509033449,-0.999977635,0.214578473,2.195296691
10/20/2019,-0.495687285,1.239263152,2.590052506,1.675544885,-1.003968066,0.215499022,4.220704214
10/27/2019,0.199508042,1.597100833,2.89730277,1.835692682,-1.007661442,0.216407945,5.73835083
11/3/2019,1.589920912,1.612772599,3.078513529,1.988265806,-1.011042137,0.217305153,7.475735862
11/10/2019,0.616260437,1.166970143,3.123199326,2.132053221,-1.014094524,0.218190559,6.242579162
11/17/2019,-0.555960516,0.369875323,3.043240762,2.26600036,-1.016802979,0.219064072,4.325417022
11/24/2019,-1.088179301,-0.610659556,2.855139454,2.389764352,-1.019151874,0.219925604,2.746838679
12/1/2019,-1.051733863,-1.606184578,2.574897211,2.503502138,-1.021125584,0.220775067,1.620130391
12/8/2019,-0.17315826,-2.44221796,2.218430005,2.607456495,-1.022708482,0.22161237,1.409414168
12/15/2019,0.341149569,-2.946807469,1.801653806,2.701870201,-1.023884942,0.222437426,1.096418591
12/22/2019,0.414531787,-3.015130991,1.340484588,2.786986033,-1.024639359,0.223250165,0.725482223
12/29/2019,0.185844804,-2.610155942,0.849814434,2.863046769,-1.024956209,0.224050601,0.487644456
1/5/2020,-0.224283194,-1.9025433,0.340816921,2.930295186,-1.024819986,0.224838766,0.344304392
1/12/2020,0.069610602,-1.110687664,-0.174850131,2.988974062,-1.024215189,0.225614694,0.974446375
1/19/2020,0.123711528,-0.324925994,-0.685151867,3.039326174,-1.023126311,0.226378419,1.35621195
1/26/2020,0.10088077,0.448817496,-1.178053431,3.0815943,-1.021537849,0.227129972,1.658831258
2/2/2020,-0.058711393,1.2808923,-1.64151997,3.116021217,-1.0194343,0.227869388,1.905117242
2/9/2020,-0.051598406,2.210343784,-2.063516629,3.142849703,-1.01680016,0.2285967,2.449874992
2/16/2020,0.041037188,3.083728007,-2.432008552,3.162322534,-1.013619923,0.22931194,3.070771194
2/23/2020,-0.071891013,3.679387771,-2.734960886,3.17468249,-1.009878087,0.230015142,3.267355418
3/1/2020,0.122676103,3.769070508,-2.963841918,3.18017338,-1.00556018,0.230706339,3.333224232
3/8/2020,-0.161606042,3.458509736,-3.122941228,3.17904315,-1.000655868,0.231385565,2.583735313
3/15/2020,-0.046320197,3.08270125,-3.215286431,3.171543536,-0.995158604,0.232052852,2.229532406
3/22/2020,0.156489447,2.728390769,-3.24271386,3.157937299,-0.989072867,0.232708234,2.043739022
3/29/2020,-0.076912369,2.430587942,-3.207121759,3.138551862,-0.982405894,0.233351743,1.536051526
4/5/2020,-0.146123318,2.113478105,-3.110632616,3.113938899,-0.975164922,0.233983414,1.229479563
4/12/2020,0.251116373,1.712626012,-2.955337327,3.084618485,-0.967357185,0.234603279,1.360269638
4/19/2020,0.283355816,1.345670893,-2.74330341,3.051087321,-0.95898992,0.235211371,1.213032071
4/26/2020,-0.414107427,1.007581483,-2.476598383,3.013842109,-0.950070363,0.235807724,0.416455141
5/3/2020,0.603979301,0.572860805,-2.157289766,2.973379547,-0.940605751,0.23639237,1.288716506
5/10/2020,0.677352208,-0.039595966,-1.787445077,2.930196338,-0.930603318,0.236965344,1.086869528
5/17/2020,-0.117151728,-0.811169097,-1.369131835,2.884789182,-0.920070302,0.237526677,-0.095207103
5/24/2020,-0.765846525,-1.425748841,-0.904417557,2.837654779,-0.909013938,0.238076404,-0.929295679
5/31/2020,-0.219767153,-1.584660026,-0.39536308,2.789289832,-0.897441463,0.238614557,-0.069327333
6/7/2020,0.148075792,-1.350658399,0.152511226,2.740191039,-0.885360112,0.23914117,1.043900716
6/14/2020,0.293008192,-0.863783918,0.719746588,2.690855102,-0.872777121,0.239656276,2.206705118
6/21/2020,0.452280082,-0.260590269,1.283397958,2.641778722,-0.859699727,0.240159907,3.497326672
6/28/2020,0.255642532,0.30316601,1.820520288,2.593458599,-0.846135166,0.240652098,4.367304362
7/5/2020,-0.28807471,0.596714152,2.308168534,2.546391434,-0.832090673,0.241132881,4.572241619
7/12/2020,-0.015449385,0.471363938,2.723092697,2.501073929,-0.817573485,0.24160229,5.104109984
7/19/2020,0.228638016,0.152787699,3.040988909,2.458002782,-0.802590837,0.242060357,5.319886926
7/26/2020,-0.226719812,-0.089626032,3.237912062,2.417674696,-0.787149967,0.242507117,4.794598063
8/2/2020,0.015331832,-0.172878631,3.293411455,2.380586371,-0.771258109,0.242942601,4.98813552
8/9/2020,0.204605919,-0.219386107,3.202526662,2.347046901,-0.7549225,0.243366844,5.023237719
8/16/2020,-0.159273273,-0.314664871,2.970711025,2.316614951,-0.738150377,0.243779878,4.319017333
8/23/2020,-0.024068115,-0.265353412,2.599991398,2.288661581,-0.720948974,0.244181736,4.122464214
8/30/2020,0.047283545,-0.049644414,2.098512428,2.26255785,-0.703325528,0.244572453,3.899956334
9/6/2020,-0.03617496,0.286437271,1.49220565,2.237674817,-0.685287276,0.24495206,3.539807563
9/13/2020,0.078921772,0.62190088,0.811205967,2.21338354,-0.666841452,0.245320592,3.303891298
9/20/2020,0.022369985,0.986460806,0.085552527,2.189055079,-0.647995294,0.245678081,2.881121183
9/27/2020,-0.276254606,1.217706896,-0.654739462,2.164060492,-0.628756038,0.24602456,2.068041843
10/4/2020,0.435143559,1.117812931,-1.378585158,2.13777084,-0.609130918,0.246360063,1.949371316
10/11/2020,0.480910177,0.598092634,-2.050621186,2.10955718,-0.589127172,0.246684623,0.795496256
10/18/2020,-0.478417099,-0.314222034,-2.634414534,2.078790571,-0.568752036,0.246998273,-1.67001686
10/25/2020,-0.559794469,-1.322277432,-3.093532196,2.044842073,-0.548012745,0.247301047,-3.231473721
11/1/2020,-0.577828204,-2.063343859,-3.39154116,2.007082745,-0.526916536,0.247592976,-4.304954038
11/8/2020,0.376923062,-2.256980169,-3.492008418,1.964883645,-0.505470644,0.247874096,-3.664778428
11/15/2020,0.469342888,-1.939767311,-3.370687743,1.917670508,-0.483682306,0.248144438,-3.158979527
11/22/2020,0.120723377,-1.220709084,-3.052080039,1.865087766,-0.461558758,0.248404036,-2.500132703
11/29/2020,-0.277162294,-0.351328095,-2.572872995,1.806834526,-0.439107236,0.248652923,-1.584983172
12/6/2020,0.184368866,0.391951188,-1.969754298,1.742609896,-0.416334976,0.248891132,0.181731809
12/13/2020,-0.116151587,0.861745258,-1.279411635,1.672112984,-0.393249213,0.249118697,0.994164504
12/20/2020,0.085658512,1.224376242,-0.538532694,1.595042896,-0.369857185,0.249335651,2.246023422
12/27/2020,-0.096664155,1.643457497,0.216194838,1.511098741,-0.346166126,0.249542026,3.17746282
1/3/2021,0.063776047,1.956081063,0.948083273,1.419979625,-0.322183274,0.249737857,4.31547459
1/10/2021,0.262824769,2.065321452,1.620444923,1.321384656,-0.297915864,0.249923175,5.221983112
1/17/2021,0.362631451,1.918750886,2.199317858,1.215012942,-0.273371132,0.250098015,5.67244002
1/24/2021,0.371527376,1.510742084,2.665374613,1.10056359,-0.248556315,0.25026241,5.649913758
1/31/2021,0.104094234,0.949839471,3.016939253,0.977735708,-0.223478648,0.250416392,5.07554641
2/7/2021,-0.473957084,0.37202237,3.256067283,0.846228402,-0.198145367,0.250559996,4.0527756
2/14/2021,-0.463318729,-0.140210607,3.384814208,0.70574078,-0.172563709,0.250693253,3.565155196
2/21/2021,0.447865983,-0.634987389,3.405174821,0.556032663,-0.146740909,0.250816198,3.878161368
2/28/2021,-0.387771464,-0.835884534,3.318774446,0.397233342,-0.120684204,0.250928863,2.622596448
3/7/2021,0.321844373,-0.394398127,3.136394156,0.230039299,-0.094400829,0.251031282,3.450510154
3/14/2021,-0.279722076,0.263888899,2.907580191,0.055273639,-0.067898021,0.251123487,3.13024612
3/21/2021,-0.050143896,0.463668184,2.690521496,-0.126240534,-0.041183016,0.251205513,3.187827748
3/28/2021,0.289344655,0.242005191,2.527410287,-0.313680118,-0.014263049,0.251277392,2.982094358
4/4/2021,0.332480674,-0.120122749,2.412655389,-0.506222008,0.012854642,0.251339157,2.382985106
4/11/2021,-0.381115228,-0.355816888,2.328989845,-0.703043101,0.040162823,0.251390842,1.180568292
4/18/2021,0.1028358,-0.258945942,2.257181729,-0.903320294,0.067654256,0.251432479,1.516838028
4/25/2021,0.485072682,0.041823994,2.170299187,-1.106230482,0.095321707,0.251464103,1.937751191
5/2/2021,-0.31706462,0.34989115,2.040085132,-1.310950562,0.123157938,0.251485745,1.136604783
5/9/2021,-0.517487353,0.54080823,1.840267642,-1.516657431,0.151155715,0.25149744,0.749584243
5/16/2021,-0.642453584,0.496071173,1.557166475,-1.722527984,0.1793078,0.25149922,0.1190631
5/23/2021,0.29251616,0.136791018,1.201317777,-1.927739119,0.207606958,0.251491119,0.161983913
5/30/2021,0.737213194,-0.366908031,0.793461224,-2.131467732,0.236045953,0.25147317,-0.480182222
6/6/2021,0.715851719,-0.79648902,0.35556469,-2.332890718,0.264617548,0.251445405,-1.541900376
6/13/2021,0.476807038,-1.04853827,-0.090403951,-2.531184975,0.293314508,0.251407859,-2.648597791
6/20/2021,-0.053439885,-1.049395608,-0.522476826,-2.725527399,0.322129596,0.251360564,-3.777349557
6/27/2021,-0.734944736,-0.723892767,-0.920194153,-2.915094886,0.351055577,0.251303554,-4.691767411
7/4/2021,0.654236687,-0.081433549,-1.270213713,-3.099064332,0.380085214,0.251236861,-3.165152831
7/11/2021,-0.096345168,0.56745392,-1.56504215,-3.276612635,0.409211272,0.25116052,-3.710174241
7/18/2021,-0.403124522,1.060778401,-1.798271301,-3.44691669,0.438426513,0.251074562,-3.898033037
7/25/2021,-0.000981028,1.334017908,-1.965033192,-3.609153393,0.467723704,0.250979021,-3.522446981
8/1/2021,0.149279748,1.473386137,-2.066620611,-3.762499642,0.497095606,0.250873931,-3.45848483
8/8/2021,-0.071460203,1.549749446,-2.105866536,-3.906132333,0.526534984,0.250759325,-3.756415316
8/15/2021,-0.01994451,1.461149723,-2.086337552,-4.039228361,0.556034603,0.250635235,-3.877690862
8/22/2021,0.052469721,1.209799881,-2.014507702,-4.160991584,0.585587225,0.250501696,-4.077140763
8/29/2021,-0.131803674,0.831198584,-1.897373167,-4.270837329,0.615185615,0.250358739,-4.603271231
9/5/2021,-0.162352017,0.339022195,-1.741488659,-4.368622389,0.644822538,0.250206399,-5.038411933
9/12/2021,0.091490337,-0.239532536,-1.553305262,-4.454307188,0.674490756,0.250044708,-5.231119185
9/19/2021,0.132646848,-0.839463082,-1.33927406,-4.527852148,0.704183034,0.2498737,-5.619885708
9/26/2021,0.369908571,-1.412300389,-1.105846138,-4.589217692,0.733892135,0.249693408,-5.753870103
10/3/2021,0.036243701,-1.878102536,-0.859472579,-4.638364241,0.763610825,0.249503865,-6.326580966
10/10/2021,-0.433021688,-2.004169788,-0.606350112,-4.675252219,0.793331866,0.249305104,-6.676156837
10/17/2021,-0.22573062,-1.599204311,-0.351591224,-4.699838616,0.823044591,0.249097159,-5.804223021
10/24/2021,-0.104586899,-0.786712705,-0.099786784,-4.712060153,0.852718062,0.248880062,-4.601548417
10/31/2021,0.396602262,0.231160909,0.144539151,-4.711823947,0.882291739,0.248653847,-2.808576039
11/7/2021,-0.373055813,1.226552877,0.376862527,-4.699030573,0.911698537,0.248418547,-2.308553898
11/14/2021,-0.098973571,1.930984928,0.59265929,-4.673580606,0.940871372,0.248174194,-1.059864392
11/21/2021,-0.002945962,2.299313311,0.787405384,-4.635374618,0.96974316,0.247920824,-0.333937901
11/28/2021,0.316096866,2.348657787,0.956576753,-4.584313184,0.998246816,0.247658467,0.282923505
12/5/2021,-0.102686644,2.111847488,1.09648804,-4.520296879,1.026315256,0.247387159,-0.14094558
12/12/2021,-0.249108562,1.68454902,1.206808673,-4.443226276,1.053881395,0.247106931,-0.499988818
12/19/2021,-0.250382742,1.176355823,1.288046777,-4.35300195,1.08087815,0.246817817,-0.811286124
12/26/2021,0.218298912,0.666093014,1.340710476,-4.249524474,1.107238436,0.246519851,-0.670663786
1/2/2022,0.213826372,0.144522074,1.365307895,-4.132694424,1.132895168,0.246213065,-1.029929849
1/9/2022,0.207012,-0.387533467,1.362347159,-4.002412373,1.157781264,0.245897492,-1.416907925
1/16/2022,-0.135875141,-0.890744144,1.332402632,-3.858645133,1.181829637,0.245573166,-2.125458984
1/23/2022,0.138181248,-1.227926297,1.276313629,-3.701624472,1.204973204,0.24524012,-2.064842567
1/30/2022,-0.165511295,-1.383304458,1.195073223,-3.531735909,1.22714488,0.244898387,-2.413435171
2/6/2022,0.216873975,-1.658336357,1.09002455,-3.34971503,1.248277582,0.244548001,-2.208327279
2/13/2022,0.044732558,-2.116638168,0.962598261,-3.156384938,1.268304225,0.244188994,-2.753199068
2/20/2022,-0.346491139,-2.566242061,0.814225011,-2.952568734,1.287157724,0.243821399,-3.5200978
2/27/2022,0.393998301,-2.825951038,0.646335451,-2.73908952,1.304770996,0.24344525,-2.976490559
3/6/2022,0.192296818,-2.929417315,0.460360234,-2.516770398,1.321076956,0.243060581,-3.229393125
3/13/2022,-0.111719746,-2.917239229,0.257655291,-2.28643447,1.336008519,0.242667423,-3.479062211
3/20/2022,-0.395074993,-2.817721789,0.039734283,-2.048904837,1.349498602,0.242265811,-3.630202923
3/27/2022,-0.386111669,-2.662205146,-0.190202073,-1.805004602,1.36148012,0.241855778,-3.440187593
4/3/2022,-0.041036662,-2.475493147,-0.428564447,-1.555747532,1.371885988,0.241437356,-2.887518443
4/10/2022,0.258815293,-2.235166698,-0.671065514,-1.302910054,1.380649123,0.241010579,-2.328667271
4/17/2022,-0.217057039,-1.898192501,-0.913227285,-1.048459263,1.387702441,0.24057548,-2.448658167
4/24/2022,0.193723152,-1.417785133,-1.150677282,-0.794256739,1.392978856,0.240132092,-1.535885053
5/1/2022,-0.014667688,-0.869052542,-1.37946507,-0.541742022,1.396411285,0.239680449,-1.168835588
5/8/2022,-0.221864558,-0.395651529,-1.595745727,-0.292249137,1.397932643,0.239220584,-0.868357725
5/15/2022,0.150782322,-0.10046544,-1.795674329,-0.047112112,1.397475827,0.238752548,-0.156241185
5/22/2022,0.337933019,0.109842715,-1.975405954,0.192335027,1.394973657,0.238276471,0.297954935
5/29/2022,0.201094243,0.340204788,-2.131095679,0.424758252,1.390358936,0.237792499,0.463113038
6/5/2022,-0.164282423,0.618847265,-2.25889858,0.648823537,1.383564463,0.23730078,0.465355042
6/12/2022,-0.517066685,0.956126285,-2.354969734,0.863196855,1.374523042,0.236801461,0.558611224
6/19/2022,-0.751080196,1.362397987,-2.415464219,1.06654418,1.363167473,0.236294691,0.861859916
6/26/2022,-0.757476266,1.824514186,-2.436628019,1.257622392,1.349430558,0.235780616,1.473243466
7/3/2022,-0.441901114,2.234549432,-2.415121471,1.435602724,1.333245097,0.235259383,2.381634051
7/10/2022,0.867522047,2.458034102,-2.347898698,1.599950195,1.314543894,0.234731141,4.12688268
7/17/2022,0.689802672,2.389289679,-2.231914042,1.750180542,1.293259749,0.234196036,4.124814636
7/24/2022,0.528934114,2.046586359,-2.064756182,1.885809504,1.269325463,0.233654216,3.899553474
7/31/2022,-0.399294423,1.500723131,-1.847308622,2.006352818,1.242673838,0.233105828,2.73625257
8/7/2022,-0.869633835,0.828243415,-1.581291199,2.111326223,1.213237676,0.23255102,1.9344333
8/14/2022,-0.820942043,0.104784264,-1.268423746,2.200245456,1.180949778,0.231989939,1.628603648
8/21/2022,-0.571080005,-0.590246869,-0.9104261,2.272626255,1.145742945,0.231422733,1.578038959
8/28/2022,0.020085728,-1.151257448,-0.509018096,2.327984358,1.10754998,0.230849549,2.02619407
9/4/2022,0.639070177,-1.475704182,-0.065442325,2.365811968,1.066327216,0.230270534,2.760333389
9/11/2022,0.513838847,-1.495145315,0.418940592,2.385507155,1.022125127,0.229685836,3.074952241
9/18/2022,0.291629004,-1.259545011,0.932353076,2.386430681,0.975031486,0.229095602,3.554994838
9/25/2022,0.092547865,-0.845073215,1.449845807,2.367888236,0.925189145,0.22849998,4.218897818
10/2/2022,-0.350718578,-0.327026168,1.94368328,2.329171739,0.872754724,0.227899117,4.695764113
10/9/2022,-0.272808061,0.20694031,2.386129989,2.269573109,0.817884842,0.22729316,5.635013349
10/16/2022,0.254074335,0.61973208,2.749450429,2.188384266,0.760736121,0.226682257,6.799059488
10/23/2022,0.199777415,0.771411453,3.005909095,2.084897128,0.70146518,0.226066556,6.989526827
10/30/2022,-0.071698087,0.601056045,3.130635319,1.958533423,0.640228639,0.225446203,6.484201542
11/6/2022,-0.227170303,0.221472595,3.10920554,1.809838072,0.577183119,0.224821346,5.715350368
11/13/2022,-0.141837666,-0.2019714,2.926012056,1.641901631,0.512485239,0.224192133,4.960781993
11/20/2022,0.294586052,-0.433106078,2.564434923,1.458418614,0.446291619,0.223558711,4.554183841
11/27/2022,-0.321259403,-0.227699603,2.019699015,1.263083534,0.378758881,0.222921227,3.33550365
12/4/2022,-0.407294816,0.170205057,1.334408479,1.059590905,0.310043643,0.222279829,2.689233097
12/11/2022,0.463578286,0.331186709,0.565990533,0.851635241,0.240302527,0.221634664,2.67432796
12/18/2022,-0.089813011,0.057652455,-0.217498366,0.642911055,0.169692151,0.220985879,0.783930163
12/25/2022,-0.519441623,-0.302285975,-0.950158542,0.43711286,0.098369137,0.220333623,-1.01607052
1/1/2023,0.49435418,-0.352932414,-1.567374074,0.237935171,0.026490104,0.219678042,-0.941848992
1/8/2023,-0.429481674,-0.078554519,-2.014163162,0.049072501,-0.045788327,0.219019284,-2.299895898
1/15/2023,-0.420597659,0.256829455,-2.274162396,-0.125780637,-0.118309537,0.218357496,-2.463663278
1/22/2023,-0.371655237,0.437638626,-2.340970136,-0.282929729,-0.190916904,0.217692826,-2.531140555
1/29/2023,0.186887486,0.282781856,-2.212200318,-0.419275232,-0.26345381,0.21702542,-2.208234599
2/5/2023,-0.169720534,-0.226146754,-1.908533125,-0.534165039,-0.335763634,0.216355428,-2.957973658
2/12/2023,0.198480611,-0.540596764,-1.484178792,-0.627812209,-0.407689756,0.215682995,-2.646113914
2/19/2023,-0.236666902,-0.102328199,-0.999833207,-0.700497354,-0.479075555,0.215008269,-2.303392947
2/26/2023,0.240055848,0.534544656,-0.508758365,-0.752501085,-0.549764412,0.214331398,-0.82209196
3/5/2023,-0.057793107,0.658309347,-0.062290287,-0.784104013,-0.619599706,0.213652529,-0.651825236
3/12/2023,-0.064331838,0.34328245,0.297860395,-0.795586748,-0.688424818,0.21297181,-0.694228748
3/19/2023,-0.07013194,-0.125500859,0.568484592,-0.787229901,-0.756083127,0.212289388,-0.958171847
3/26/2023,0.038943297,-0.49544935,0.755998603,-0.759326717,-0.822405379,0.21160541,-1.070634137
4/2/2023,-0.049928509,-0.689393343,0.866818726,-0.712220976,-0.887171784,0.210920024,-1.260975862
4/9/2023,0.083880535,-0.792004395,0.907361261,-0.646278075,-0.950140938,0.210233377,-1.186948234
4/16/2023,0.086093178,-0.862876331,0.884208052,-0.562064881,-1.011035508,0.209545617,-1.256129874
4/23/2023,-0.149349143,-0.921304283,0.805118856,-0.461335156,-1.069569183,0.20885689,-1.587582018
4/30/2023,0.202525295,-0.884756391,0.680955275,-0.348071138,-1.125455649,0.208167345,-1.266635264
5/7/2023,0.23393286,-0.641797724,0.526139498,-0.226770797,-1.178408595,0.207477129,-1.079427628
5/14/2023,0.041509006,-0.235377007,0.354172645,-0.101932101,-1.228141707,0.206786389,-0.962982776
5/21/2023,-0.397663602,0.211132863,0.178107219,0.021946979,-1.274368673,0.206095273,-1.054749941
5/28/2023,0.284099528,0.57507951,0.010995729,0.140368474,-1.316803181,0.205403928,-0.100856012
6/4/2023,0.401575819,0.808573096,-0.134109321,0.248834415,-1.355158918,0.204712501,0.174427593
6/11/2023,0.604840039,0.884717578,-0.245915033,0.342846832,-1.389149571,0.204021141,0.401360986
6/18/2023,0.790311062,0.783507382,-0.320018982,0.417907755,-1.418488828,0.203329993,0.456548383
6/25/2023,0.891002138,0.495628781,-0.353186467,0.469519215,-1.442890376,0.202639206,0.262712497
7/2/2023,-0.109896397,0.076023692,-0.343155,0.494303422,-1.462067902,0.201948928,-1.142843257
7/9/2023,-0.910433867,-0.305613325,-0.292142803,0.493441686,-1.475813482,0.201259305,-2.289302486
7/16/2023,-0.737934684,-0.49564106,-0.20348828,0.469549046,-1.484232736,0.200570485,-2.251177229
7/23/2023,-0.707872462,-0.511066703,-0.079323356,0.425318926,-1.487509674,0.199882615,-2.160570654
7/30/2023,-0.099174156,-0.412644891,0.07960701,0.36344475,-1.485828305,0.199195843,-1.355399749
8/6/2023,0.349266197,-0.248580947,0.260008543,0.286619943,-1.479372637,0.198510316,-0.633548584
8/13/2023,0.442258426,-0.063641242,0.445148019,0.197537931,-1.468326679,0.197826182,-0.249197363
8/20/2023,0.328402518,0.094713294,0.618292215,0.098892136,-1.45287444,0.197143588,-0.115430688
8/27/2023,0.113002474,0.172904739,0.762707909,-0.006624015,-1.433199928,0.196462681,-0.194746141
9/3/2023,-0.150667876,0.134816727,0.860092449,-0.116317099,-1.409487154,0.195783609,-0.485779344
9/10/2023,-0.058551161,-0.011246052,0.885926213,-0.227479767,-1.381920125,0.19510652,-0.598164372
9/17/2023,0.075690252,-0.109535272,0.814363107,-0.337348977,-1.35068285,0.19443156,-0.71308218
9/24/2023,-0.071967586,-0.001910252,0.626419647,-0.443147763,-1.315959338,0.193758877,-1.012806416
10/1/2023,0.028723036,0.173127143,0.330319838,-0.542099159,-1.277933598,0.193088619,-1.094774121
10/8/2023,0.080453084,0.182657678,-0.052055215,-0.631426199,-1.236789638,0.192420932,-1.464739357
10/15/2023,-0.074715554,-0.080144978,-0.471717322,-0.708351916,-1.192711469,0.191755965,-2.335885274
10/22/2023,0.067768083,-0.257099001,-0.87407835,-0.770099346,-1.145883097,0.191093865,-2.788297846
10/29/2023,-0.076075394,-0.091224557,-1.209373407,-0.813884652,-1.096495402,0.190434779,-3.096618634
11/5/2023,0.106548138,0.185771212,-1.443702766,-0.836896522,-1.044766739,0.189778854,-2.843267823
11/12/2023,-0.036766212,0.307219973,-1.541628906,-0.836308054,-0.990931053,0.189126238,-2.909288013
11/19/2023,-0.203777682,0.210225966,-1.481974461,-0.810181424,-0.935257175,0.188477079,-3.032487696
11/26/2023,0.213427259,-0.049801198,-1.269650627,-0.760265939,-0.878022658,0.187831523,-2.556481639
12/3/2023,0.285706472,-0.256135687,-0.917441006,-0.689234875,-0.819505053,0.187189719,-2.20942043
12/10/2023,-0.307457975,-0.250038379,-0.452860344,-0.599761503,-0.759981915,0.186551813,-2.183548302
12/17/2023,0.100669721,-0.017024324,0.067816527,-0.494519097,-0.699730794,0.185917953,-0.856870013
12/24/2023,0.323114088,0.175120087,0.581627493,-0.37618093,-0.639029243,0.185288287,0.249939782
12/31/2023,-0.330214839,0.086274319,1.028475854,-0.247420275,-0.578154816,0.184662962,0.143623206
1/7/2024,0.343417892,-0.118641358,1.365182556,-0.110910406,-0.517385063,0.184042125,1.145705746
1/14/2024,0.314938409,-0.151791533,1.573257977,0.030675405,-0.456997537,0.183425923,1.493508644
1/21/2024,-0.088565142,-0.016905755,1.648112997,0.174663884,-0.397269792,0.182814505,1.502850697
1/28/2024,-0.406220037,0.145369751,1.616128602,0.318381759,-0.338479379,0.182208017,1.517388713
2/4/2024,0.082017156,0.213340175,1.501456579,0.459164828,-0.28090385,0.181606607,2.156681496
2/11/2024,0.204488867,0.164661777,1.326400512,0.594385188,-0.224820759,0.181010422,2.246126007
2/18/2024,0.425601246,0.00589573,1.108402786,0.721756007,-0.170507657,0.180419611,2.271567721
2/25/2024,-0.403948998,-0.219902934,0.862305999,0.840318474,-0.118242097,0.179834319,1.140364763
3/3/2024,-0.314862707,-0.35836568,0.602620749,0.949445781,-0.068301631,0.179254695,0.989791206
3/10/2024,0.006644593,-0.350991528,0.341962296,1.04851112,-0.020963812,0.178680886,1.203843554
3/17/2024,0.256092936,-0.220309554,0.085658988,1.136887682,0.023493808,0.178113039,1.459936898
3/24/2024,0.205860374,-0.001240468,-0.161678457,1.213948659,0.064793676,0.177551302,1.499235085
3/31/2024,0.074388379,0.259994112,-0.395144898,1.279067243,0.102658241,0.176995822,1.4979589
4/7/2024,-0.086281947,0.449502715,-0.609835189,1.331616626,0.136809949,0.176446747,1.3982589
4/14/2024,0.051074834,0.474495595,-0.801374037,1.370969999,0.166971249,0.175904224,1.438041863
4/21/2024,0.013067282,0.386249834,-0.966719924,1.396500555,0.192864588,0.1753684,1.197330736
4/28/2024,-0.024295089,0.236110955,-1.100218742,1.407581485,0.214212413,0.174839423,0.908230445
5/5/2024,0.023830461,0.061247327,-1.195430773,1.403585981,0.230737172,0.174317441,0.698287608
5/12/2024,-0.024449745,-0.108225135,-1.2459163,1.383810657,0.242237891,0.1738026,0.421259968
5/19/2024,-0.023398217,-0.217673959,-1.245690106,1.347700321,0.248819904,0.173295048,0.283052991
