date,白萝卜,白条鸡,白条猪,大黄花鱼,豆粕,牛肉,农产品批发价格200指数,生猪,羊肉,玉米,进口量(吨),出口量(吨),进口金额(万美元),出口金额(万美元)
1/3/2016,-0.203455149,-0.693227611,-1.430489526,0.664465537,-185.8345557,0.301249216,-4.063624682,-1.471990561,0.731176768,34.01540777,-8656.135452,58.13879656,-1812.637505,95.47461134
1/10/2016,-0.18802656,-0.408275748,-1.361224337,0.44809705,-173.8768388,0.375228698,-4.529943689,-1.456586488,0.466162459,36.94505542,-7667.633017,459.9969887,-1275.078922,36.28115474
1/17/2016,-0.184352432,-0.452621885,-1.07697762,0.061472089,-133.2704568,0.351180214,-4.318578362,-1.307008271,0.451959826,36.9790119,-7905.758075,467.325795,-1331.369592,34.86725694
1/24/2016,-0.13039872,-0.452899095,-1.028891842,-0.543745256,-106.4106698,0.225177169,-3.152176021,-1.206508091,0.30219092,30.10815126,-8138.792719,474.5717034,-1386.22244,33.37637534
1/31/2016,-0.11097286,-0.690254161,-1.051433121,-0.761538853,-96.33994941,-0.146672443,-1.330348566,-1.20586836,0.167605383,26.24484691,-8365.980243,481.7462254,-1439.503696,31.81506943
2/7/2016,-0.014672494,-0.450593849,-0.714455453,-0.644735709,-86.21770351,-0.093993069,2.163054212,-1.309571091,0.42299564,34.61135731,-12154.87084,-81.35058462,-2263.870556,-30.81066812
2/14/2016,-0.042128298,0.120583869,-0.181600283,-0.735867261,-60.07506568,0.504649262,3.349149954,-1.528679273,0.539303143,33.93984241,-13041.33008,-27.63152679,-2545.259822,-0.365171693
2/21/2016,-0.025595071,0.046181857,-0.109886255,-0.081018465,-78.89627367,0.235114229,2.894886129,-0.625130546,0.185030394,39.25500435,-13246.99313,-20.67364846,-2593.180503,-2.089478949
2/28/2016,-0.051405986,0.02074013,-0.347568988,-0.125647165,-93.60900035,0.333826133,2.527644483,-0.678532439,0.058596544,35.78791499,-13444.46714,-13.81542589,-2639.175834,-3.850925135
3/6/2016,-0.054103648,0.051065271,-0.377358338,-0.417720521,-97.64688706,0.335402672,3.536034204,-0.411555481,0.175310884,24.0879172,-4984.847865,89.60578229,-870.3875289,-35.28602027
3/13/2016,-0.038705033,-0.002884125,-0.199830219,-0.097999208,-126.797826,0.14071889,4.554437808,-0.116907906,0.018603046,6.723373774,-3580.672471,102.2620878,-478.0876951,-33.40629235
3/20/2016,0.024056956,0.080449906,0.066110974,0.092988296,-140.2815911,0.295047769,6.293081962,0.319812077,0.061614388,-9.536942568,-3752.457619,108.6872543,-518.1983503,-35.23389534
3/27/2016,0.06765498,0.090985832,0.431127687,-0.019146318,-160.0550285,0.22378566,6.739699189,0.672554873,-0.002715962,-29.92832393,-3915.618682,114.9217045,-556.3370957,-37.07222501
4/3/2016,0.141671084,-0.009826601,0.478481983,-0.262388375,-158.0062891,0.079940501,6.879087435,0.48559139,-0.126929808,-43.10322187,1252.854931,-349.8349487,326.4301624,-166.3759536
4/10/2016,0.265457465,0.036410327,0.367980194,-0.584204622,-145.8294932,-0.168224597,5.625314234,0.278177761,-0.104655826,-51.8067856,1210.939426,-236.3568077,59.79250217,-113.2990857
4/17/2016,0.268927955,0.045570439,0.355695686,-0.390731119,-152.3380786,-0.187634121,3.523928371,0.317003443,-0.007831024,-49.28823981,1073.143193,-230.8297073,27.50261686,-115.1532989
4/24/2016,0.251449485,0.149696913,0.400438473,-0.413134455,-148.929956,-0.127306617,2.251585968,0.544758195,-0.169993401,-53.98199951,943.4378844,-225.5825917,-2.911751919,-117.0115544
5/1/2016,0.196926882,0.287096259,0.463785555,-0.709071216,-128.3808419,-0.268870765,0.810343026,0.760902641,-0.098660626,-69.24249579,7075.57548,-3.51226143,1415.636494,-42.48535763
5/8/2016,0.14595637,0.337533862,0.586556345,-0.574774055,-104.3567049,-0.325724847,-0.397578503,1.039911574,-0.079583509,-46.87047316,4003.013538,36.67780008,749.939396,-50.2443799
5/15/2016,0.104243088,0.269914413,0.552071599,0.066530252,-84.35938039,-0.49517128,-1.029461094,1.204338376,-0.125501642,-38.88312322,3895.685911,40.97075839,724.7321363,-52.13226941
5/22/2016,0.068605828,0.231976146,0.443542264,0.685853301,-31.09183628,-0.510420579,-1.290574175,1.089867249,-0.130370172,-28.46797032,3795.002309,44.91288258,701.0842132,-54.0419143
5/29/2016,0.015257495,0.305963489,0.310613365,0.618495673,25.31640472,-0.470456821,-1.882922897,1.04209232,-0.06293595,-13.46895185,3700.470326,48.49149091,678.8908893,-55.98148388
6/5/2016,-0.044437914,0.263181178,0.32416801,0.563377035,70.50597102,-0.490440709,-2.179028418,1.261660918,-0.026513305,-2.176583524,10977.84404,-57.19249832,2245.558651,-5.593472401
6/12/2016,-0.089645968,0.286213817,0.450722921,0.637858373,166.7898738,-0.395301633,-2.683831166,1.25851676,0.162866467,3.558656379,11389.19781,-45.54610657,2347.766125,12.23219128
6/19/2016,-0.124812858,0.369968535,0.587461731,1.021597789,216.6143612,-0.344498227,-3.404989207,0.960939685,0.30895081,13.17671228,11310.41432,-43.0864189,2329.383064,10.15388146
6/26/2016,-0.15333855,0.433788735,0.687013532,1.044535502,249.9388609,-0.318998062,-3.317504343,0.85884816,0.223866834,14.27276675,11236.19383,-40.99492452,2312.141002,8.01503605
7/3/2016,-0.149938094,0.36784922,0.623062355,1.165813389,278.5577744,-0.497483232,-2.450382581,0.647782312,0.194723077,17.10394284,9329.264136,-322.6292244,2110.993634,35.52366454
7/10/2016,-0.111370463,0.411088102,0.67025123,1.347662055,283.3489351,-0.233421856,-1.859528567,0.626893263,0.267091596,15.82845431,10143.83856,-402.7392704,2156.601413,-9.784527456
7/17/2016,-0.068034983,0.320053432,0.693724176,0.97346912,230.3172936,-0.112386491,-1.911814236,0.603779803,0.180657546,13.00218843,10083.30601,-401.7381265,2142.855391,-12.13382268
7/24/2016,-0.076581155,0.233998384,0.706154649,0.719611238,210.3625959,-0.072172703,-2.360582329,0.59822467,0.275464092,10.87744098,10026.70583,-401.0876137,2130.144609,-14.56351157
7/31/2016,-0.085231933,0.220647662,0.533150422,1.045827332,182.6892586,-0.025616294,-2.513988048,0.373746342,0.437350835,-5.26707278,9973.967364,-400.7840852,2118.461543,-17.07746614
8/7/2016,-0.096745241,0.195233505,0.398276282,-0.04569029,155.2011559,0.241476371,-2.909034972,0.140338376,0.449233073,1.038262356,9098.234946,256.8069997,1767.513832,149.368265
8/14/2016,-0.094353345,0.141442018,0.289741625,0.040269581,116.0524931,0.173811343,-3.238749016,0.177586867,0.602689605,3.568765105,9053.226655,256.4564868,1757.913534,146.6868969
8/21/2016,-0.090712923,0.003660709,0.186968908,-0.119093006,104.9675948,0.360194644,-3.238596174,0.144239533,0.321190103,7.205383887,9012.219097,255.8124961,1749.396827,143.9283983
8/28/2016,-0.081422171,-0.007737918,0.207291432,-0.024329054,97.36514286,0.260045988,-2.804335489,0.143844975,0.594588905,19.84779491,8975.417122,254.9012007,1742.017351,141.0997613
9/4/2016,-0.044201151,-0.115637198,0.226162129,-0.086997966,87.25468199,0.35090717,-1.892586066,0.179229708,0.291002799,33.43921663,2453.44789,112.4256381,141.295171,127.654402
9/11/2016,-0.013728935,0.013123389,0.244896363,-0.428099186,96.0712509,0.352762396,-1.558923035,0.023091715,0.294416449,37.75117255,2472.356178,139.4404722,169.3705704,137.7921601
9/18/2016,0.00370552,-0.19491344,0.151811815,0.097091118,97.12714329,0.311320278,-1.349584947,-0.080230012,-0.078121551,37.09744616,2450.565838,137.7444259,166.0298431,134.7745072
9/25/2016,0.032401671,-0.154732739,-0.066057416,-0.230995764,92.25236204,0.312826029,-1.373096235,-0.234075133,-0.143151021,-5.86087246,2434.887795,135.7554561,164.321065,131.6959118
10/2/2016,0.018205906,-0.152560865,-0.276398764,-0.81983126,81.28770109,0.216043641,-1.513061733,-0.534614656,-0.180884201,-35.07789964,-1263.448844,28.46745186,-839.1357944,63.3721995
10/9/2016,-0.005780027,-0.178400078,-0.521204316,-0.820866375,64.40248973,-0.14040251,-1.686123501,-0.688910798,-0.32831249,-37.20969489,-1703.86196,-107.8722006,-913.2140358,17.38566385
10/16/2016,-0.024234875,-0.034799461,-0.665369217,-0.874986679,40.52836923,0.128019676,-1.465221408,-0.928731809,-0.386255091,-27.08792248,-1696.749302,-110.8725199,-908.9367411,14.13214019
10/23/2016,-0.008105296,-0.101730189,-0.778435118,-0.562576257,6.060031024,-0.083993432,-1.664397528,-1.058147425,-0.81710674,-26.77313349,-1680.302469,-114.2537592,-902.2594055,10.82465321
10/30/2016,0.013225197,0.03021518,-0.478306296,-0.736278354,-1.958954657,0.029654644,-1.325097821,-0.864585961,-0.880369387,-13.05655082,-1653.506418,-118.038165,-892.9576914,7.466235
11/6/2016,0.120026781,-0.060421493,-0.425418301,-0.482486285,16.61157133,0.220446133,0.018752823,-0.279894182,-1.019326564,0.140688608,-4835.918855,-256.219721,-1101.109944,-21.08154725
11/13/2016,0.194304942,-0.076578879,-0.344695723,-0.803217559,30.69282579,0.237964184,0.849682772,-0.386829544,-1.056783457,7.380334631,-4643.188228,-225.712198,-1072.646645,-11.7047568
11/20/2016,0.256109728,-0.074315022,-0.347147932,-0.812022448,54.55798809,0.087413816,1.196795548,-0.441415318,-1.355309111,12.09230727,-4577.719187,-230.8395118,-1053.863491,-15.18635192
11/27/2016,0.277249677,-0.131782185,-0.492630983,-0.435286289,82.57590063,0.111959862,1.514199276,-0.465069961,-1.261254294,21.04888571,-4495.8954,-236.4672149,-1031.225031,-18.69273668
12/4/2016,0.306727299,-0.139074224,-0.480675214,-0.278257751,108.0204545,0.055518705,1.576648623,-0.416339734,-1.26518403,19.10603383,-5754.785073,-321.0293316,-1464.107553,-5.415128412
12/11/2016,0.297865666,-0.148929688,-0.238036357,-0.057970276,99.82134686,-0.07864978,1.64454629,-0.218203289,-1.338791132,20.1487253,-2766.062094,-69.73708884,-443.4814356,101.6332454
12/18/2016,0.284484724,-0.263270903,-0.121934602,-0.339624783,93.18896831,-0.145741841,1.65336544,-0.098827824,-1.314842784,17.84343564,-2620.001947,-77.07314977,-406.4328086,98.1536531
12/25/2016,0.247204293,-0.237499403,-0.112214066,-0.329653886,105.2161409,-0.245899375,2.050941473,-0.030062078,-1.177700453,18.0710127,-2428.126501,-85.36320709,-361.3080527,95.47743949
1/1/2017,0.342628188,0.429515234,1.171954689,-0.683506828,334.1859359,-0.424559003,5.460827616,1.286721354,-1.967012056,-24.75234714,4438.941922,-1987.418146,873.1454964,-525.1161839
1/8/2017,0.271492495,0.147010399,1.28986754,-0.453341313,315.5561263,-0.606676965,5.67511403,1.555101776,-1.63414634,-37.97898073,4070.229741,-255.5012684,913.8889374,-79.725664
1/15/2017,0.182351364,0.359711417,1.267489122,0.297025542,249.2379938,-0.572253684,5.421819443,1.533096015,-1.691355018,-42.49413014,4360.952689,-264.8135689,975.421797,-79.83796449
1/22/2017,0.142920115,0.271365351,1.482222294,0.96720924,223.6461011,-0.276140025,5.194333591,1.48790845,-1.127167968,-45.42931589,4652.79066,-274.3427602,1037.156366,-79.77975676
1/29/2017,0.151486564,0.841022435,1.724608153,1.376246574,219.0649399,0.366539693,3.707885664,1.597572363,-0.785594429,-46.61656827,4943.563557,-284.1238001,1098.661486,-79.56403469
2/5/2017,0.067226899,0.525360363,1.590272786,1.261978588,217.3904236,0.279021427,-0.910595968,1.805281368,-1.208935255,-56.53531109,14949.68772,191.7275806,2547.180216,-26.62567211
2/12/2017,0.004571735,-0.493605678,0.777974316,1.154417392,180.7007898,-1.123586812,-4.46037242,2.119514506,-1.593247879,-67.85047294,15080.72558,191.9191876,2554.904117,-18.89278138
2/19/2017,-0.126117547,-0.704842064,0.548979303,0.121927486,190.3419602,-1.173304778,-6.032140967,1.228695611,-1.474964693,-75.30801896,15356.95015,181.3343937,2613.578097,-18.27681739
2/26/2017,-0.171144553,-0.65833132,0.833422127,0.481387304,206.2219973,-0.866002306,-5.182495495,1.293978445,-1.122379204,-70.82028008,15625.47622,170.5191587,2670.801023,-17.55022966
3/5/2017,-0.188162388,-0.548269013,0.933876827,0.489842577,199.5804305,-0.66958185,-4.939132824,1.263595126,-1.270301461,-70.13606561,530.2759557,102.1923928,2.516761377,59.13942983
3/12/2017,-0.150816146,-0.392002394,0.881496039,0.083773828,200.8764728,-0.483999387,-5.414638482,1.006860391,-0.683550394,-55.52338485,1137.954969,92.30730875,154.278018,60.85951747
3/19/2017,-0.177096459,-0.413030085,0.595052123,-0.21978737,200.7521347,-0.557875065,-7.216647934,0.417775757,-0.62707317,-53.5524291,1378.741601,80.81961562,206.3173724,61.78730984
3/26/2017,-0.21722653,-0.487162268,0.28330965,0.362283383,215.142917,-0.489547446,-7.999125809,0.249162343,-0.574990661,-38.72345627,1609.457655,69.07031008,256.4632532,62.72279713
4/2/2017,-0.28223555,-0.300184121,0.315482284,0.723056739,212.4749614,-0.33618343,-7.954263073,0.351849921,-0.330107978,-22.63658008,-1544.207509,661.3004914,-10.30588625,287.4532362
4/9/2017,-0.407614542,-0.357486268,0.452584332,1.154712515,193.6092358,-0.197668246,-6.542867304,0.363116675,-0.384036044,-3.454956264,-1879.625228,582.8952335,-40.94307564,271.4930527
4/16/2017,-0.423507635,-0.331017236,0.258619078,0.925367788,157.2238826,-0.18652411,-5.192509786,0.217956051,-0.439633045,0.272576781,-1680.041328,570.2967114,3.295933881,272.2858805
4/23/2017,-0.401471902,-0.370450311,0.300925173,1.013570996,155.0102846,-0.047455591,-4.025154032,-0.083677533,-0.170524051,13.97895372,-1490.831356,557.4299898,45.56648913,272.9883926
4/30/2017,-0.355048121,-0.498877045,0.195175202,1.278420285,146.1840018,-0.03277156,-2.231517609,-0.393350619,-0.432837616,43.55257905,-7887.847133,316.0124208,-1435.747614,193.262768
5/7/2017,-0.313670443,-0.445859125,0.088999939,0.982601103,121.9148208,0.175109855,-0.73165138,-0.528601148,-0.347104048,15.49423231,-4897.191682,99.29320716,-942.3234507,186.837243
5/14/2017,-0.295747896,-0.41762195,-0.062603385,0.443802171,110.3667783,0.25651163,-0.143106865,-0.9006972,-0.286119138,15.30365543,-4736.853163,85.77824107,-905.4527789,187.2065551
5/21/2017,-0.256822865,-0.407708578,-0.238870971,0.055296136,55.70191627,0.300452179,-0.133313397,-1.17047572,-0.252290807,10.57269116,-4584.706105,72.11620116,-870.0734244,187.4609473
5/28/2017,-0.203400277,-0.565356214,-0.387700487,0.254390911,3.983821369,0.360464219,-0.10477015,-1.482754845,-0.366200175,-3.875087493,-4439.65673,58.34565457,-835.9516502,187.6067439
6/4/2017,-0.143158558,-0.530627353,-0.648416162,0.091999853,-54.92132886,0.379432939,-0.218260408,-1.977275131,-0.433346739,-20.73953118,-12911.09639,-13.24629632,-2543.983481,18.39497057
6/11/2017,-0.102117009,-0.623793388,-0.828459861,-0.343848947,-197.8403219,0.227700955,0.438483026,-1.854664229,-0.642957779,-28.14581885,-12894.72086,-19.86499348,-2528.691174,20.69387353
6/18/2017,-0.032682761,-0.728102553,-0.954289489,-1.071096152,-247.8749898,0.166995622,1.890474485,-1.394250338,-0.758780455,-35.37152701,-12762.75735,-33.71849084,-2496.584002,20.60022997
6/25/2017,0.062162785,-0.758435628,-0.952007922,-0.883902376,-287.7263101,0.169258642,2.669134142,-1.182361894,-0.659918462,-37.47745362,-12632.22003,-47.52364712,-2464.514601,20.46587007
7/2/2017,0.118795715,-0.571489004,-0.725537734,-1.102396759,-328.4362261,0.485146499,2.160038137,-0.806089293,-0.76433678,-30.40209358,-8393.345346,-364.7278746,-1795.655916,-168.0782685
7/9/2017,0.11367086,-0.639943996,-0.531590425,-1.266086918,-332.0713517,0.222975952,1.25300109,-0.511653444,-0.753476112,-19.78456836,-9176.038562,-296.2216684,-2007.778557,-161.1799762
7/16/2017,0.042153465,-0.531098876,-0.646850465,-0.716471287,-256.8281824,0.039960032,0.94814392,-0.554466033,-0.642684514,-11.66811881,-9041.343392,-309.7516063,-1973.928598,-161.3343404
7/23/2017,0.0449522,-0.362988975,-0.621092307,-0.603795485,-230.8971643,0.028488435,1.251860956,-0.556440038,-0.758335839,-5.615869836,-8902.731274,-323.1622859,-1938.905003,-161.4671841
7/30/2017,0.049606813,-0.396762571,-0.537496018,-0.807815547,-194.3831671,-0.054157231,1.704482747,-0.535843284,-0.833896073,10.29684644,-8759.111337,-336.4568062,-1902.45698,-161.5692653
8/6/2017,0.091137573,-0.336455172,-0.462969672,0.672539411,-165.3432954,-0.276756796,2.785939806,-0.320958874,-0.713321418,1.584358707,-11797.29598,249.9453238,-2732.073509,-77.21822155
8/13/2017,0.074638398,-0.233956416,-0.465007249,0.707489661,-123.0947694,-0.18743836,3.382497308,-0.355171203,-1.168180454,2.443470939,-11640.8204,236.7830368,-2692.128037,-77.25408647
8/20/2017,0.071394519,-0.02659104,-0.507632276,0.702547011,-133.9766511,-0.499773027,2.87814391,-0.509897726,-0.847085212,-2.431608477,-11476.85257,223.6035224,-2650.196629,-77.26353248
8/27/2017,0.052150855,-0.025023612,-0.73303768,0.265576884,-128.2807831,-0.447700973,1.416226612,-0.394352642,-1.187398093,-21.41821693,-11305.02274,210.3453276,-2606.204263,-77.25348092
9/3/2017,-0.012454716,0.076616211,-0.843622635,0.294703897,-126.7804026,-0.661393689,0.525240286,-0.472083413,-0.948257679,-41.82526695,-3923.713621,-88.66803939,-626.8851059,-173.8490748
9/10/2017,-0.009758875,-0.156661766,-0.901247907,0.571620776,-146.1825823,-0.623554236,0.08537379,-0.529418906,-0.806068529,-45.486126,-3973.019796,-109.1072258,-668.8582065,-176.6971948
9/17/2017,-0.060613048,0.117876915,-0.902990072,-0.410370602,-154.6410912,-0.726639136,-1.034340562,-0.560799581,-0.288134439,-45.19375683,-3778.277987,-122.7009078,-618.9185865,-176.6206437
9/24/2017,-0.084580072,-0.024673367,-0.745048541,-0.199627836,-151.7029958,-0.668674325,-1.570880513,-0.445068052,-0.147335363,-8.387572052,-3577.0415,-136.3722399,-567.290783,-176.5089283
10/1/2017,-0.079059575,0.080134045,-0.505229816,0.352270816,-154.524418,-0.597806066,-2.006581813,-0.213033105,-0.010574992,22.70946039,1421.97053,-18.17539317,832.182218,-106.1415669
10/8/2017,-0.026202574,0.033774989,-0.252599658,0.214649055,-159.8280461,-0.299818758,-1.510680955,-0.058849637,-0.003610384,18.26897369,2577.360771,-9.799630848,818.8820642,-76.1183364
10/15/2017,0.035143411,-0.121017716,-0.327346475,0.173135244,-171.6119936,-0.607724458,-0.666052375,-0.001853262,0.12403535,0.679420066,2791.416287,-23.55470178,874.0068853,-75.86115802
10/22/2017,0.054296098,-0.050996141,-0.50902328,-0.108433985,-183.8862326,-0.268608878,0.415344491,-0.016791365,0.622760354,-6.955372549,3006.92071,-37.29378256,929.6701806,-75.54402151
10/29/2017,0.06713044,-0.190562112,-1.016145926,-0.004151001,-178.2880553,-0.37185477,0.530652798,-0.212392945,0.647077126,-21.08432979,3222.16534,-51.00034664,985.5115368,-75.16336311
11/5/2017,-0.009145872,-0.088484516,-1.09749951,-0.397829579,-178.9796839,-0.554354873,-0.496721802,-0.002587661,0.634427278,-37.98958229,6576.110131,369.9428998,1302.164515,43.56437175
11/12/2017,-0.100672014,-0.063694516,-0.997498639,0.060140243,-164.1933387,-0.793884284,-1.231010028,-0.295869603,0.368940398,-47.40652852,6817.042591,364.2502279,1360.149946,46.96106987
11/19/2017,-0.171443234,-0.110264791,-0.610823034,-0.03386766,-165.7736521,-0.587505448,-1.1531032,-0.104663534,0.630610553,-54.78887885,7019.627568,350.6848917,1414.10002,47.52409705
11/26/2017,-0.189573843,0.028974312,-0.003483245,-0.374763076,-196.4989203,-0.584311565,-1.009743728,0.204201696,0.402078575,-72.02576248,7213.130091,337.1801411,1466.46398,48.13453764
12/3/2017,-0.22636409,0.021916767,0.277596625,-0.311211872,-204.4136511,-0.576480434,-0.759505937,0.417789301,0.258216242,-72.51597874,8734.443406,63.23156661,1819.060887,-71.05350234
12/10/2017,-0.244954468,-0.109552941,0.219425127,-0.599045266,-174.3287537,-0.499606268,-0.796466436,0.474437089,0.536492774,-71.53590646,8472.727658,51.61697235,1727.907386,-74.69271539
12/17/2017,-0.259616283,0.033911042,0.272216846,-0.062550733,-149.5422064,-0.439671678,-1.346958515,0.4969754,0.636267238,-66.51933618,8620.268072,38.39203502,1772.153734,-74.04786343
12/24/2017,-0.215733662,0.038708558,0.503092253,0.160814398,-149.9586974,-0.309985784,-1.590606416,0.599940508,0.395844579,-63.05032994,8726.070036,25.63547674,1810.178815,-74.23378986
12/31/2017,-0.09256079,0.440618174,1.073403807,-0.310019412,-49.78726164,-0.702862562,-0.411999403,1.113338727,0.257957354,-70.90367967,12310.33671,2677.45611,2684.92753,646.9383497
1/7/2018,-0.025391441,0.280413406,1.018071516,0.104357438,-46.95692047,-0.558920915,0.522709532,0.851734277,0.193304794,-55.94030477,6271.616435,-815.2559138,623.1826814,-67.75371905
1/14/2018,0.14218348,0.10638485,0.753449293,-0.454432498,-19.48632199,-0.447121519,0.926753687,0.82472341,0.344967264,-50.68080859,6436.696216,-830.1072638,676.1977086,-67.4430818
1/21/2018,0.115258177,0.299817515,0.617734427,-0.037021566,-14.27118935,-0.459770621,-1.217581213,0.905617361,-0.302834231,-14.40066182,6597.398732,-844.9730471,728.8191845,-67.20121456
1/28/2018,0.069479849,-0.060684432,0.607871361,-0.031945244,-7.145292392,-0.761063988,-2.513221697,0.98547481,-0.479767392,10.71615403,6755.584842,-859.8362115,781.4709327,-67.02106674
2/4/2018,0.037340297,-0.087612683,0.220501,-0.391763243,-22.47526994,-0.883836233,-3.302474873,0.822090266,-0.511089507,4.618236873,318.0697698,470.1210309,304.0820165,285.5667934
2/11/2018,0.182912171,0.096858134,0.237549779,0.046281446,-22.26137934,-0.571860251,-0.254441823,0.605430945,-0.577616728,29.27166824,1098.37453,412.1498694,572.0768376,255.9256692
2/18/2018,0.349018581,0.802834812,0.557965376,0.488054435,-8.639849886,0.829181734,3.949653655,-0.018581697,0.375615342,34.29062849,1258.291694,397.3801777,627.0680767,255.916563
2/25/2018,0.484030381,0.84650814,0.664140357,-0.03010145,0.298833812,0.094647901,3.28835186,0.204664647,0.385474089,29.68232584,1420.880632,382.6844227,683.4184048,255.8399307
3/4/2018,0.485204248,0.566775272,0.229189952,0.466039528,28.51262444,-0.194514532,-0.223820506,-0.567904091,0.63292116,57.98165951,9263.326845,-195.5501384,1894.02926,78.72787482
3/11/2018,0.36228668,0.417659698,-0.164961752,0.432658893,113.6344215,-0.016062734,-2.194866604,-0.998802945,0.258827716,76.08352038,7968.206916,-215.4475722,1552.094088,75.16043501
3/18/2018,0.235798484,0.25714105,-0.714508516,0.398543177,166.4354226,-0.16661096,-3.643065987,-1.442338049,0.367842674,114.1459449,8142.416274,-229.3347127,1613.605466,75.02459732
3/25/2018,0.178930575,0.364446718,-1.266468964,-0.272123613,182.1295856,-0.043075615,-3.967623075,-2.052201856,0.533237195,136.1348722,8321.328933,-242.6524262,1677.070192,74.95949471
4/1/2018,0.096086431,0.387723007,-1.370417244,-0.296244865,176.9286803,0.175656738,-4.656648295,-1.835513294,0.583512424,136.6770326,686.2927452,-171.5129202,-87.30898385,-15.06876273
4/8/2018,0.002476611,0.456529781,-1.404171159,0.087262266,189.5486314,0.613056235,-4.495799756,-1.478102458,0.721963199,124.5512683,-115.845889,-422.0597128,132.9678196,-108.7520811
4/15/2018,0.003286353,0.36032537,-1.174951747,0.12430128,267.2119967,0.69756393,-2.077339713,-1.419399173,0.660589143,110.9705625,80.34798085,-432.8153721,203.0946671,-108.29764
4/22/2018,-0.011058175,0.171519425,-1.316873119,-0.006648278,263.9088707,0.236731388,-0.952657513,-1.342532757,0.443052376,96.17851017,283.5302646,-442.5007898,275.7432607,-107.579357
4/29/2018,-0.004092165,-0.082083184,-1.272520645,0.191557203,237.6200328,0.514433628,-0.579499485,-1.323124917,0.613692428,80.13378747,-2389.631293,-551.1628492,-316.2720006,-141.7848688
5/6/2018,0.011454614,-0.265033838,-1.401092227,0.453377806,204.1052966,0.32575159,-0.756921461,-1.654273144,0.432008111,73.19646595,-6663.694777,-451.1133763,-1143.372503,-219.381188
5/13/2018,0.026657799,-0.128473027,-1.061190426,0.109150778,168.257521,0.571005856,-0.937294623,-1.419535721,0.420273096,52.15028046,-6437.273467,-457.2350236,-1062.654858,-217.6695012
5/20/2018,0.024384475,-0.052868129,-0.687062875,-0.601805162,124.2460504,0.65196964,-0.687914653,-0.93410912,0.510225476,38.04773636,-6203.123057,-462.1178175,-979.2852863,-215.5797177
5/27/2018,0.069362746,-0.048872758,-0.165698822,-1.004522678,58.43614701,0.418101124,0.848978915,-0.301478799,0.547772168,27.6098531,-5961.768819,-465.7695154,-893.4127896,-213.1019135
6/3/2018,0.135380336,-0.013319935,0.366361579,-0.476864999,23.55107717,0.480372911,1.929808885,0.17264041,0.577865824,26.53023063,-5440.452809,312.4966637,-1330.774834,86.22854641
6/10/2018,0.208386909,0.150889584,0.410265438,-0.654932414,9.742258252,0.577778863,2.241908012,-0.059480048,0.423973739,17.62253643,-5936.961587,309.7102687,-1409.884736,68.40473683
6/17/2018,0.201171693,0.116171343,0.465523739,-0.25447178,-21.23214785,0.497915018,1.798188648,-0.069899925,0.127492244,4.431600295,-5681.027485,309.485827,-1318.419192,72.00429677
6/24/2018,0.134758448,0.11874485,0.248664052,-0.531523588,-43.97826489,0.390639107,0.26918223,-0.130777359,0.1086159,0.081704634,-5423.479506,310.2634073,-1225.985041,75.93613414
7/1/2018,0.034680112,-0.019418766,0.035428481,-0.575509604,-35.9941477,0.347986817,-0.889311148,-0.155884356,0.234513867,-18.46866872,-8214.699063,1568.216136,-1849.306795,355.4840133
7/8/2018,-0.052202109,0.055314414,-0.085353077,-0.446267735,-37.76549578,0.180340974,-0.937891363,-0.148131302,0.040721254,-29.04575706,-10505.97713,1809.587075,-2230.900062,426.5664267
7/15/2018,-0.046659423,0.037139337,0.202223068,-0.586044496,-21.18585293,0.276305629,-0.632486641,0.141014384,-0.115756388,-37.54915066,-10254.90191,1813.068908,-2138.895209,431.3754466
7/22/2018,-0.03810796,-0.119572446,0.203665754,-0.71687783,-23.71507381,0.133736175,0.230647222,0.093191969,-0.244494667,-43.18023832,-10009.86098,1817.421874,-2048.214287,436.4535508
7/29/2018,0.006219214,-0.021752915,0.562349777,-0.797102564,-17.19853498,0.141810812,0.423941508,0.622538154,-0.401316583,-35.63444211,-9772.847749,1822.677078,-1959.471463,441.7984302
8/5/2018,0.018202667,-0.052547953,0.827001716,-0.654157217,-6.532606068,-0.174510142,-0.037443678,0.885348061,-0.669960284,-38.52631628,-2509.387806,-793.9879613,-142.2404066,-152.9357387
8/12/2018,0.061386335,-0.174305078,1.041454436,-1.127944878,6.810446452,-0.14657172,-0.028905528,0.820825293,-0.23777647,-42.93620259,-2294.40174,-786.7481856,-59.23679926,-147.053833
8/19/2018,0.072557234,-0.190992282,0.923439012,-0.954360217,40.41270446,-0.264818677,0.525245798,0.756397643,-0.212302364,-45.93131707,-2093.220754,-778.4102582,20.01366975,-140.9021626
8/26/2018,0.092908025,-0.307598707,0.623989256,-0.402244598,44.24982459,-0.303033442,2.185390097,0.18021422,-0.453372781,-46.64093347,-1907.475183,-768.9113634,94.98180834,-134.4840857
9/2/2018,0.120057093,-0.267416142,0.220363969,-0.323723534,58.6027706,-0.335309148,1.883399853,-0.118249537,-0.453141979,-47.29319621,965.3411584,150.3460237,625.2405731,42.56354812
9/9/2018,0.055131893,-0.282293153,6.38E-05,0.195413818,58.50857299,-0.58331152,2.017674815,0.244109425,-0.853400337,-54.43437095,759.8655663,119.0670383,536.2545656,29.96463552
9/16/2018,0.099257119,-0.366877087,0.017578243,0.604459386,71.77247398,-0.527376054,3.67370121,0.457709835,-0.882735238,-52.33243549,890.7703914,132.2548741,595.4040708,37.10276327
9/23/2018,0.089996148,-0.23298372,0.231877347,0.752478893,82.96478371,-0.61431466,4.672114508,0.496707782,-1.054540721,-21.09062455,1001.155608,146.7031642,648.4227571,44.44298939
9/30/2018,0.131612229,-0.381523757,0.348646146,1.254300822,115.8667159,-0.500410431,6.115740037,0.646987062,-1.166967311,-14.77619135,1445.194928,179.0773846,728.2786735,79.55605728
10/7/2018,0.120734487,-0.197458521,0.393079208,1.454933861,175.6183391,0.016315999,5.879416115,0.647756884,-0.854952216,-6.908324264,-1781.798741,615.6196299,178.5784302,165.4967867
10/14/2018,0.058675858,-0.351335338,-0.142134732,1.666300826,254.6699503,-0.204776683,3.443297613,0.512740588,-0.84071847,5.981958661,-1736.929184,633.9225421,211.3477339,173.3119169
10/21/2018,0.010000618,-0.39952537,-0.809006825,1.209727643,357.0949454,-0.302253261,1.716498971,0.138607637,-0.865724723,23.1198554,-1714.622156,653.5478331,236.9284123,181.2434765
10/28/2018,-0.048832287,-0.717590819,-1.917401371,1.596324858,361.5125349,-0.480463437,0.15211676,-0.476244856,-0.7533014,17.18691528,-1714.999816,674.5250972,255.1792808,189.2738908
11/4/2018,-0.156810303,-0.712770866,-2.363803648,1.781589044,310.6451059,-0.825688012,-1.29826576,-2.698301497,-0.49807539,23.70487236,-2871.383557,274.9467315,-789.8175605,-8.080706456
11/11/2018,-0.189966712,-0.938957364,-2.126617577,1.69175494,249.0252008,-0.325432616,-1.905831715,-1.512866952,0.100671825,31.76936604,-3048.675661,266.2271908,-798.7854967,-11.7551156
11/18/2018,-0.232967708,-0.824177504,-1.867009599,1.814949516,186.1742556,-0.474989765,-2.277179583,-0.936151463,0.47780657,36.14589253,-3118.513189,291.4797485,-803.3439276,-3.520794727
11/25/2018,-0.264140412,-0.831997233,-1.127473074,1.536118559,174.9842494,-0.48726953,-2.945302468,-0.767300647,0.638533436,48.84495272,-3212.454265,318.2320609,-815.8210463,4.750553696
12/2/2018,-0.286034847,-0.597732867,-0.965759175,0.943265587,128.1774095,-0.299201428,-3.3487409,-0.793334281,1.058989514,54.17217344,-5224.692857,984.2373297,-1416.813292,17.69275821
12/9/2018,-0.256659404,-0.242931418,-1.451157243,0.926437634,97.87781743,-0.057247792,-3.663753061,-1.312496362,0.929188721,49.8452019,-9380.498938,704.0465361,-2818.077948,-113.2426744
12/16/2018,-0.248566183,-0.16590624,-1.61748305,0.753064711,67.65504664,0.05348262,-3.408118033,-1.518689446,0.771256939,52.69220254,-9553.390198,735.5189601,-2855.911805,-104.9657996
12/23/2018,-0.242764803,-0.151035547,-1.729655772,0.295595437,31.54181152,0.208345139,-4.373135426,-1.736478686,1.121836973,44.38692913,-9764.311908,768.7789668,-2903.933733,-97.06687829
12/30/2018,-0.185610018,-0.035080745,-2.057447911,0.810678338,11.72326703,0.109011176,-4.39710446,-1.880409831,0.647984725,42.63159486,-9205.382781,1526.684474,-2798.557141,103.1134507
1/6/2019,-0.139046026,0.006407927,-2.718688138,0.041820237,16.80968048,0.120349584,-4.872036598,-2.329641508,0.98033174,42.68543817,729.3406248,936.0755131,-1434.411607,422.1072014
1/13/2019,-0.200777932,-0.188895736,-3.556695432,0.407519676,-2.818808409,-0.200232209,-5.933220684,-3.019240209,0.935688297,48.9101367,598.8150098,968.1259023,-1464.831795,429.2302462
1/20/2019,-0.247677632,-0.297388997,-4.346957733,0.014864486,-45.09146551,-0.658202832,-5.899399688,-3.598172311,1.101349474,15.36188895,445.8800888,1001.638413,-1503.333201,436.2407955
1/27/2019,-0.273810848,-0.426677494,-5.211990032,-0.550996963,-86.04805583,-0.513475853,-6.592806155,-4.268763775,0.846830792,-14.88010588,270.5770095,1036.653233,-1549.915654,443.137695
2/3/2019,-0.428009148,-0.343525511,-5.620442095,0.273395711,-106.3270603,-0.173442624,-4.862929917,-4.173063769,1.292186284,-1.822272061,-2339.59024,-1240.693542,-1228.454061,-363.6176402
2/10/2019,-0.365571751,0.283457001,-5.307889201,-0.072986838,-106.2811553,1.639399248,-4.447228868,-3.807344006,2.436741219,-15.10661286,-800.8213039,-1324.588375,-686.2411057,-440.854486
2/17/2019,-0.321299858,-0.13364928,-5.575948724,-0.449543368,-76.96169155,-0.233880907,-6.07990117,-3.604066168,1.57481734,-29.08016706,-1041.909366,-1285.062063,-757.2320844,-434.265133
2/24/2019,-0.331287249,-0.24474264,-5.724761468,-0.404977176,-93.59022428,-0.207839804,-6.057204313,-4.132968764,0.833692127,-20.35952026,-1303.950068,-1244.148376,-836.3873749,-427.773635
3/3/2019,-0.263852677,-0.122724627,-4.970387555,-0.142316022,-122.6546478,-0.284659518,-3.907061625,-3.556769865,0.237821204,-30.954223,-9268.633762,-85.40852554,-3651.418284,-133.3218555
3/10/2019,-0.19962307,-0.078424082,-4.681630308,-0.150456453,-184.6074333,-0.391308407,-2.535777891,-2.906758512,-0.346839674,-38.15982854,-13710.05924,-57.9613882,-4881.514948,-136.7094504
3/17/2019,-0.11494006,-0.037001661,-3.511805377,0.156875984,-252.7595161,-0.580028464,-0.8195107,-1.732926902,-1.118384242,-52.35582299,-14030.55737,-13.73838204,-4984.757717,-130.6013826
3/24/2019,-0.039835991,-0.069251431,-2.76735466,0.109504622,-251.6878027,-0.756915614,0.977705282,-1.39729867,-1.353093609,-57.03395385,-14369.45924,31.23013443,-5095.922277,-124.6696932
3/31/2019,0.038794075,-0.356947026,-2.861120619,-0.008029849,-251.8179413,-1.116630103,1.922522596,-1.27586172,-1.71242917,-53.8121665,-10488.99078,-29.3622782,-4372.848126,-111.4596415
4/7/2019,0.110264881,-0.575921371,-2.683061159,-1.039580261,-285.6073097,-1.41620636,2.607561317,-1.063976788,-1.897738283,-54.45717875,-7262.940513,284.8708831,-3204.173772,-112.7827312
4/14/2019,0.151125432,-0.510787179,-2.405606438,-1.273750407,-303.591879,-1.554745062,2.474467,-0.873969463,-1.990804902,-56.02104851,-7658.280986,330.8936129,-3339.724804,-107.5621792
4/21/2019,0.197297564,-0.444174099,-2.433652981,-1.140469401,-307.505233,-1.314930162,1.729921107,-1.033687643,-1.632657081,-51.6009868,-8073.432311,376.8895125,-3483.719427,-102.6376881
4/28/2019,0.285645397,-0.03414296,-2.365219789,-1.159309344,-319.7156992,-1.270915122,1.361136895,-0.879973373,-1.305246891,-49.64027882,-8509.09507,422.6881286,-3636.336588,-98.03678855
5/5/2019,0.362167274,-0.068077565,-2.213880746,-1.366364705,-266.5651324,-1.288865056,2.47174226,-1.128549346,-1.286406947,-42.39187252,6846.49199,830.0985598,159.7388952,154.7652661
5/12/2019,0.484050949,-0.155440626,-2.200833914,-1.799339986,-236.458931,-1.312454056,4.273814621,-1.071388122,-1.234554942,-35.61916189,6367.71818,875.0632648,-10.51763577,158.6506616
5/19/2019,0.532476524,-0.12708447,-1.681771314,-1.843508812,-186.6336545,-1.540267596,5.166321631,-0.438755187,-1.550884937,-40.07613593,5866.528248,919.4415231,-189.6905941,162.157296
5/26/2019,0.497196908,0.122015512,-1.560122443,-1.21667488,-118.308999,-1.445330348,4.487385866,-0.381857367,-1.543908105,-32.12708135,5342.550116,963.1614875,-377.7674796,165.2828503
6/2/2019,0.409027682,0.155081879,-1.902747422,-1.529868632,-32.15802293,-1.528616784,3.901962438,-0.853467599,-1.536654553,-19.85401689,-1265.856977,-149.936737,-845.160129,-179.2262243
6/9/2019,0.298341632,-0.034605683,-2.047296596,0.267914722,57.27223504,-1.679121781,3.167770467,-0.901493972,-1.318586087,3.640724283,-3112.218837,-131.0618299,-1365.61821,-228.5491869
6/16/2019,0.220840426,0.022938659,-2.525349917,0.152664255,65.22352979,-1.475775938,2.201941087,-1.28459299,-0.884518787,14.3194641,-3705.201044,-89.51038202,-1579.63832,-226.527839
6/23/2019,0.141618167,-0.224027124,-2.722284176,-0.02707256,102.7090958,-1.381365359,2.187072603,-1.61181829,-0.858618582,29.23668081,-4320.970596,-48.67934167,-1801.855966,-224.8477657
6/30/2019,0.126503564,-0.284948466,-2.941910495,0.355663749,88.52177822,-1.557863351,2.290733579,-2.048164327,-0.548456132,30.82371689,-4084.582858,-368.9024556,-1829.012757,-305.3729763
7/7/2019,0.142855519,-0.434610077,-3.701496959,-0.283068861,79.89819444,-1.522654617,2.853502897,-3.120320673,-0.537976865,18.19397628,138.4922144,-915.8528288,-216.3283163,-314.4338605
7/14/2019,0.18429822,-0.302078718,-4.227448046,-0.10454777,13.32820565,-1.707819557,3.556461894,-3.621062445,-0.096493369,19.42426918,-543.7582133,-877.2081518,-461.1170106,-313.7156559
7/21/2019,0.203594213,-0.118723259,-4.47439007,1.166711495,21.28196768,-1.522390996,2.619948033,-3.476282965,0.142050183,19.86158456,-1247.135407,-839.3776733,-712.5844149,-313.3164768
7/28/2019,0.116546995,-0.140385634,-4.764717688,0.394723166,0.010287187,-1.497941075,1.154550273,-3.570575753,-0.089554013,21.40990314,-1970.816529,-802.4549075,-970.2096436,-313.247582
8/4/2019,-0.042783425,-0.176880405,-4.931118467,-0.029812306,-1.21841614,-1.259267289,0.035695187,-3.824131444,-0.024059771,23.26373623,-1383.698337,-127.4795976,201.8873792,-21.31480182
8/11/2019,-0.097852825,0.006484139,-4.825631298,0.473579182,3.048518058,-1.350042425,-0.454011416,-3.709174561,-0.124439707,9.913654641,-2145.106774,-92.67108696,-66.31611827,-21.95122391
8/18/2019,-0.135704446,-0.046259182,-3.734347098,0.982323696,24.20764968,-0.786935709,0.310643508,-2.637425675,0.092683258,17.31198572,-2923.749005,-59.0507996,-338.8687409,-22.96110316
8/25/2019,-0.154086421,0.310424756,-2.079575299,0.830245685,34.22663658,-0.350327362,-0.408791837,-1.626730821,0.611522043,28.26180846,-3718.378611,-26.6831053,-615.0961986,-24.3532129
9/1/2019,-0.154494308,0.397978285,-0.669135737,0.855978604,45.96355212,0.079523047,-1.117267653,-0.730537658,1.40880753,40.78981677,-5350.315665,-334.7541936,-1257.968354,1.995876999
9/8/2019,-0.164548731,0.702433397,0.078231851,0.133788205,75.65512565,0.592411581,-1.508362536,-0.512648785,1.848995588,50.07741049,-6274.943523,-378.3489317,-1618.094276,-33.93981515
9/15/2019,-0.151475286,0.944251156,0.590470913,0.303298599,67.21962444,1.125353717,-2.174850705,-0.319075753,1.860041061,48.98298258,-7107.947216,-349.988116,-1900.729379,-36.46317153
9/22/2019,-0.181492607,1.012205236,0.645672767,0.832487069,52.67329135,1.109852593,-2.315439321,0.005373688,2.097926923,56.06473265,-7950.093241,-323.0059949,-2183.855916,-39.33948075
9/29/2019,-0.225216802,0.92781988,0.563794945,0.565991362,39.36869918,1.03045882,-3.407670461,0.427232467,2.128440973,71.5691077,-9126.240356,-305.109946,-2570.883467,-43.14743089
10/6/2019,-0.278859688,0.820311625,0.821632983,0.55466896,5.211063913,0.503878693,-3.85694428,0.651558992,2.180020945,82.00032274,-2165.911688,-644.6521464,-555.2680418,-108.0164601
10/13/2019,-0.25457969,1.063066399,3.410872034,0.429404628,-20.01522886,0.868441904,-2.245297963,2.195296691,1.978301976,67.7783447,-3024.948236,-621.8120545,-835.3740994,-111.8361121
10/20/2019,-0.258316934,1.263703711,6.746475728,1.017880048,-44.12881285,0.876798058,-0.855385018,4.220704214,2.41899403,53.50613005,-3886.646876,-600.3572422,-1113.270393,-115.9369289
10/27/2019,-0.255740112,1.959829142,10.30279372,0.635712519,-42.9539764,1.160490609,1.224183694,5.73835083,2.475353695,46.6231219,-4749.750589,-580.2899968,-1388.494803,-120.3060736
11/3/2019,-0.233654317,2.045734744,11.77490347,0.243180322,-17.77404125,1.766494109,2.119830764,7.475735862,2.74298565,25.36672978,2501.67145,-579.7281044,1073.529389,25.82472094
11/10/2019,-0.194387679,2.630484262,10.35435313,0.290073104,-5.923560599,1.408388181,2.109158408,6.242579162,2.57820882,2.337387935,1269.528122,-654.2563514,770.5180432,-12.53365737
11/17/2019,-0.148884084,2.523071427,8.144114147,0.374462688,21.37939014,1.7677369,1.001133051,4.325417022,2.270700683,-1.005444626,409.8692669,-638.2340896,505.6646514,-17.60273389
11/24/2019,-0.124141574,2.280873355,4.503145874,0.370566945,18.308487,1.682728775,0.323900401,2.746838679,2.320236464,-10.27732523,-446.1056992,-623.4741446,244.9148484,-22.86112518
12/1/2019,-0.08710123,1.739506569,2.838269456,0.759670775,29.60044835,1.502350225,-0.173351867,1.620130391,1.872473438,-11.32164758,5593.40112,-655.0937482,2805.460506,386.4997597
12/8/2019,-0.039344348,1.451548428,2.835009179,0.83307974,22.6270719,1.302618597,0.165214506,1.409414168,1.458566929,-11.24809375,-2661.649467,-1312.690883,-3.240727297,94.23673655
12/15/2019,0.073541183,1.304259312,2.258550689,0.639969515,28.94402798,1.147028217,1.517945839,1.096418591,1.332320781,-27.6714222,-3497.998028,-1301.426121,-250.1045608,88.57321284
12/22/2019,0.076690339,1.111969875,1.425263545,0.859798369,51.61602911,0.806843593,2.55747888,0.725482223,0.59880754,-22.31544148,-4324.501433,-1291.245747,-491.8221041,82.84490946
12/29/2019,0.047527821,0.778659096,1.020580325,-0.163260277,42.67370682,0.700603546,2.363694773,0.487644456,-0.191851238,-20.62977747,-5139.405062,-1282.123366,-728.1555471,77.09689359
1/5/2020,-0.015704134,0.556356093,1.027620875,-0.297267773,16.36866967,0.497170591,1.286906441,0.344304392,-0.627178222,-22.11349397,2457.458941,-58.92539772,3956.118205,-155.1825513
1/12/2020,-0.092703487,0.73809416,1.824354338,0.14027284,5.128726961,0.754035625,1.350575357,0.974446375,-0.69127436,-31.40873022,1669.283729,-51.91564577,3730.72714,-160.8650545
1/19/2020,-0.155625387,0.694765361,2.276851262,-0.467008054,-69.34404224,0.807755367,1.535450585,1.35621195,-0.584866804,-72.85524822,895.3518836,-46.01089858,3510.658931,-166.4883258
1/26/2020,-0.122799762,0.82540114,2.77964029,-0.01327598,-154.0314049,0.970528457,2.599516796,1.658831258,-0.01341407,-108.069639,135.7979233,-41.27697326,3295.722607,-172.0531097
2/2/2020,0.304091226,0.607763153,3.619852815,-0.546895772,-95.95486722,1.299535984,2.389226551,1.905117242,-0.135880585,-132.750232,-8257.452508,630.0109103,-470.3215394,254.9649169
2/9/2020,0.121615072,0.212569527,3.964574794,0.332657542,-71.1179215,-0.252661308,1.713629173,2.449874992,-0.760703823,-125.5713078,-3684.022156,222.949642,1077.876172,19.47159515
2/16/2020,-0.019375168,-0.30167517,4.247379209,0.009579196,-109.83117,0.406124162,2.344797193,3.070771194,-1.050176226,-107.4385784,-4401.093605,223.8824906,877.1725036,14.09664051
2/23/2020,-0.054840016,-0.543418238,4.552556956,0.130485994,-85.704749,0.494905577,3.901603178,3.267355418,-1.032702006,-91.33931016,-5104.897713,223.5418998,680.7308848,8.812729085
3/1/2020,-0.003074931,-0.680720092,4.885084533,0.074736722,-64.35961248,0.652710652,4.80499507,3.333224232,-1.020236605,-93.45240397,22785.44831,111.8299133,8509.368241,24.93149409
3/8/2020,0.032003635,-0.76088867,4.618885591,-0.053307544,-99.55625546,0.435523219,4.404292609,2.583735313,-0.732529038,-117.7044891,11030.9429,16.69303076,5307.283431,-38.4551785
3/15/2020,0.013375869,-0.757770851,4.071250024,-0.368895945,-76.1306452,0.611823954,2.75967292,2.229532406,-0.18906142,-136.3828249,10363.24824,12.73253024,5122.226969,-43.36336366
3/22/2020,-0.041202339,-0.689885066,3.588730055,-0.575621254,-61.69964924,0.493541539,0.78518939,2.043739022,-0.3290895,-141.598473,9707.138366,7.650453344,4940.799783,-48.12882077
3/29/2020,-0.118262317,-0.527693333,3.430704583,-0.429403285,-21.03506201,0.345939754,-0.383273113,1.536051526,-0.643341427,-139.0868249,10361.60979,-15.78000322,5040.548847,-42.52359123
4/5/2020,-0.130168625,-0.301146594,3.067653162,0.087771318,51.53415052,0.281044242,-0.684605668,1.229479563,-0.862047158,-142.021294,12127.36954,113.1584628,3682.62327,93.13821882
4/12/2020,-0.128902616,-0.146057341,2.908615926,0.214300522,100.4053265,0.201798863,-0.706968342,1.360269638,-1.070543453,-99.66316198,11507.88922,105.1358807,3512.714704,88.83024267
4/19/2020,-0.156233153,-0.081734678,2.805871078,-0.279717317,99.88786209,0.484246864,0.295538678,1.213032071,-1.18521074,-89.08540243,10901.23471,96.31479853,3346.868518,84.68832217
4/26/2020,-0.152643563,-0.135672702,2.265926665,0.046471722,107.5771777,0.25652639,0.364831845,0.416455141,-1.635302201,-86.35474649,10307.83728,86.79907602,3185.224517,80.72084387
5/3/2020,-0.194860186,-0.034942489,1.774163624,0.128985262,79.94794638,-0.072847366,-0.801919115,1.288716506,-1.478494327,-72.33888597,6179.060057,-61.38673886,1576.980812,51.72266721
5/10/2020,-0.248036258,0.008554856,1.349471149,0.197284533,50.04471145,-0.128748867,-2.771759884,1.086869528,-1.471667786,-52.25510958,5613.435861,-72.00129024,1424.103272,48.10758522
5/17/2020,-0.291197113,-0.27635197,0.11815362,0.507652339,-4.707013887,-0.426930145,-3.625554591,-0.095207103,-1.333394069,-34.70827537,5062.194371,-83.04625023,1275.74506,44.65543577
5/24/2020,-0.315420365,-0.428776238,-0.664485097,0.047102736,-19.84622776,-0.24025023,-3.895689101,-0.929295679,-1.1727519,-63.70862159,4525.573835,-94.46465066,1131.974009,41.34771448
5/31/2020,-0.287246518,-0.61051363,-0.613129629,-0.198290701,-73.84072781,-0.463965915,-3.868288844,-0.069327333,-1.046137809,-81.47106101,7656.223145,186.8388058,1396.83101,124.5882729
6/7/2020,-0.217162667,-0.342865445,0.07700805,-0.508560949,-79.01145454,-0.357125536,-3.233256384,1.043900716,-0.939036432,-104.5073705,13662.3789,-107.4569016,2307.040879,87.70049072
6/14/2020,-0.162024193,-0.31589053,1.060810677,-0.719773604,-73.80463832,-0.547806503,-2.036396452,2.206705118,-0.908705617,-109.6959705,13172.45792,-119.6516439,2177.647215,84.73489486
6/21/2020,-0.027279564,-0.120126984,2.55398201,-0.834955662,-97.38323924,-0.310228888,-0.230955527,3.497326672,-0.185548861,-126.370021,12699.59115,-131.9973075,2053.349021,81.86222238
6/28/2020,0.114504159,-0.030819467,3.957768756,-1.279792193,-88.61267854,-0.403060252,1.218370292,4.367304362,-0.444672149,-123.6467247,12671.43203,-292.9551794,2027.521194,43.43937919
7/5/2020,0.213875416,0.106465213,4.354152738,-1.04049473,-88.34067595,-0.213501744,1.374063698,4.572241619,0.004820327,-103.4984271,13867.28966,80.1194981,1351.152586,186.6816726
7/12/2020,0.209495922,-0.163810513,5.214717448,-1.296127747,-44.76312933,0.070099458,1.420957206,5.104109984,-0.090605632,-89.67249792,13451.81358,67.61292173,1243.357517,184.0475151
7/19/2020,0.164757236,-0.199718023,5.764716927,-1.832418303,-53.2170731,0.099144461,1.21651316,5.319886926,0.281958251,-85.40080313,13057.76332,55.16216479,1141.471761,181.4828813
7/26/2020,0.210635573,-0.228747288,5.951823257,-1.535896817,-20.71224988,0.44660862,1.461726519,4.794598063,0.949569753,-71.77178916,12686.32272,42.84000772,1045.689416,178.9911577
8/2/2020,0.411936072,-0.148076326,5.754390843,-1.601686897,2.795995072,0.571933253,2.289288078,4.98813552,1.414658053,-26.10027826,-1164.564299,-187.7655586,-2978.811776,-85.33223969
8/9/2020,0.430677596,-0.172439471,5.656770139,-1.266754466,7.518357544,0.857842424,1.77799597,5.023237719,1.715442971,27.13793271,-925.2770664,38.56263758,-3022.847552,-3.099714103
8/16/2020,0.467246008,-0.110953848,5.226116963,-1.872879217,-19.56424313,0.748464971,1.144579632,4.319017333,1.448923554,25.82133493,-1221.968356,27.21056817,-3099.422451,-5.231356219
8/23/2020,0.435669722,-0.155619425,4.549978572,-1.62015904,-47.5341907,0.638731154,2.121459819,4.122464214,1.44460829,16.43837547,-1491.786271,16.38759059,-3169.461866,-7.171420086
8/30/2020,0.384575889,-0.220162947,4.162765564,-1.708117173,-65.65264508,0.845807721,3.016250358,3.899956334,0.663631884,0.412126731,-1557.007832,-78.56742209,-3100.011423,-61.40050307
9/6/2020,0.343303756,-0.325712972,3.762862189,-0.754833124,-84.60706016,0.51772461,3.018086287,3.539807563,0.566882797,-3.793739453,7982.036412,337.1433745,622.7262186,96.28540352
9/13/2020,0.240878882,-0.449367238,3.466238192,-1.259254894,-84.15097314,0.326875997,2.578687449,3.303891298,0.602350955,-19.00900638,7796.828104,328.2325217,572.1406996,95.06815778
9/20/2020,0.218152009,-0.698346148,3.2295365,-1.319453034,-100.7076459,0.317423108,2.515174189,2.881121183,0.550926341,-38.41077027,7640.814034,319.9654286,527.9223183,94.10957047
9/27/2020,0.200867152,-0.502733671,3.046303435,-1.569878271,-124.3595651,0.609645814,3.059571341,2.068041843,0.062904002,-41.43789099,7514.482694,312.3040602,490.0285548,93.40768402
10/4/2020,0.203727508,-0.574720508,2.601994277,-1.167521263,-182.7497835,0.444354763,3.140005943,1.949371316,-0.210029847,-54.12556653,-1149.34481,-58.66071689,-964.5987995,-96.90449053
10/11/2020,0.105169006,-0.638738275,1.149726692,-0.874220571,-170.8661336,0.299863056,2.299298036,0.795496256,-0.216296974,-64.54287418,-1214.278683,-65.27246875,-989.6843185,-97.1038315
10/18/2020,-0.117810626,-0.655687699,-1.401840009,-0.956200796,-176.1543594,0.379355534,-0.090830906,-1.67001686,-0.585415886,-64.87341394,-1247.325912,-71.45861611,-1008.173908,-97.05749839
10/25/2020,-0.233999473,-1.002411281,-4.072441296,-1.392691405,-163.5419044,0.194361063,-2.974649859,-3.231473721,-1.114342437,-37.91228366,-1247.688291,-77.29720734,-1019.894685,-96.76894007
11/1/2020,-0.32804434,-1.121553745,-6.048920672,-0.378479573,-158.164979,0.020945648,-4.874520353,-4.304954038,-1.702261403,-21.77906236,-6374.920564,203.8738038,-1009.403639,38.08456909
11/8/2020,-0.262589539,-1.380475661,-5.678704603,-0.028091695,-136.8520985,-0.015873687,-4.468155402,-3.664778428,-1.892841839,-5.113965004,-8222.846202,-64.85846114,-1342.160261,-49.81382062
11/15/2020,-0.174445789,-1.322852028,-4.964846078,0.118295859,-124.6455381,-0.027500561,-4.799035413,-3.158979527,-2.201652384,-24.27852214,-8122.31025,-70.22459319,-1332.680352,-48.8317756
11/22/2020,-0.094508744,-1.157650867,-3.417823573,0.493047438,-119.8205325,-0.125230735,-4.088863327,-2.500132703,-2.296851315,-32.96293252,-7988.099637,-75.64690059,-1315.953053,-47.6313476
11/29/2020,-0.047132381,-0.879370048,-2.579562616,0.249519607,-121.8054792,-0.191915915,-2.785117367,-1.584983172,-2.077425617,-33.29981935,-10142.60411,-688.6749386,-2325.028733,-345.9353325
12/6/2020,-0.041297653,-0.911927628,-1.232806778,-0.061732747,-101.600313,-0.122682151,-1.278056194,0.181731809,-1.727248652,-30.34461347,15799.14099,-271.8088748,6248.46021,60.52142157
12/13/2020,-0.061888867,-0.909267814,0.144047396,-0.245258533,-76.60568413,-0.004629674,-0.129292249,0.994164504,-1.595355695,-21.8091261,16030.07597,-278.0520414,6286.896332,62.28546892
12/20/2020,-0.004012589,-0.843923575,1.451699778,-0.682959489,-58.27516666,-0.135694187,1.39002173,2.246023422,-0.675522504,-21.17703856,16291.24242,-284.7536921,6332.592367,64.18916719
12/27/2020,0.071905905,-0.783208558,2.495431789,-0.213295,-33.72570215,0.327360815,2.668890078,3.17746282,0.559442534,-18.30035831,16581.62546,-291.969815,6385.659848,66.20540329
1/3/2021,0.106053697,-0.593432848,3.738716019,0.516679893,4.561020594,0.435765414,4.198469396,4.31547459,0.948603899,-17.72680835,1952.277594,9.808892578,770.802735,-227.3198221
1/10/2021,0.276055552,-0.409810833,4.584755213,-0.161966385,64.95424906,0.212675325,5.428944186,5.221983112,0.901656929,-3.999317498,2298.842785,1.432522738,839.2625603,-225.1387608
1/17/2021,0.555902728,-0.293248545,5.757084387,0.650686899,269.9787967,1.04503515,6.936727226,5.67244002,1.149436223,106.1219164,2672.635508,-7.568372063,915.8177179,-222.8926534
1/24/2021,0.599275772,-0.281640268,6.180896623,0.253867375,441.6177157,0.841578734,6.633078734,5.649913758,1.105968805,201.2339306,3073.185647,-17.20590044,1000.746361,-220.5874679
1/31/2021,0.425432059,-0.132794535,5.719065753,1.434874776,411.9263306,0.602914384,4.365832685,5.07554641,1.001736268,216.8851222,10519.95886,50.5030162,3112.643182,-229.8148891
2/7/2021,0.461370529,-0.049765269,5.052259188,-0.211302701,390.9800659,-0.03692016,3.874296883,4.0527756,-0.021853061,223.3140196,1956.591617,403.4143629,-121.1402126,232.4854152
2/14/2021,0.536509088,0.597029434,5.462785977,1.606636629,373.3239403,1.087812944,6.715746882,3.565155196,0.585422626,218.0303015,2436.197322,391.8346407,-9.038424629,234.8521719
2/21/2021,0.528909465,1.019087359,5.4013073,1.294522287,280.4994513,0.413490219,5.532751454,3.878161368,0.837010276,190.3811698,2942.22803,379.6012091,112.8942258,237.1807039
2/28/2021,0.268296303,1.310139594,3.322685351,0.211517242,236.681291,0.794179668,1.946405276,2.622596448,1.71958703,186.3381549,-11648.34395,-12.65283419,-3438.234825,97.33359978
3/7/2021,0.104319429,1.198029825,3.356095607,0.011512279,182.5572606,0.910264478,0.603009993,3.450510154,2.14471975,216.1568629,17135.10993,-50.21135765,4602.766778,94.62912967
3/14/2021,0.055999154,1.204007399,3.206398519,0.066169301,87.52655369,0.579711276,0.167289755,3.13024612,2.263324066,193.0344873,17718.30305,-64.32413513,4755.416521,96.68587796
3/21/2021,0.019335292,1.039093307,3.339173656,0.35674703,-9.269262278,0.63284023,-0.572107758,3.187827748,2.296468142,190.5921227,18325.78781,-78.99672639,4918.344113,98.6263586
3/28/2021,-0.018108155,0.907283419,3.244108106,0.192619563,-124.3499145,0.751722649,-0.870282895,2.982094358,2.937746075,162.3949446,18956.75973,-94.18326592,5091.449304,100.4486633
4/4/2021,-0.095375895,0.702283371,2.931078299,0.2213507,-147.3627612,0.700923492,-2.044806008,2.382985106,3.279703164,157.6409951,13239.12011,3.934456702,4544.967399,242.8182403
4/11/2021,-0.201109068,0.499220359,1.747094449,0.156196565,-99.46531733,0.620210256,-2.80011043,1.180568292,3.35884238,114.6865395,13915.11605,-12.14556645,4738.099208,244.4011471
4/18/2021,-0.175922397,0.485978782,1.718920701,0.137471492,-100.3244013,0.624979879,-3.220558081,1.516838028,3.103373059,90.09410797,14612.81024,-28.60970165,4941.056926,245.8637299
4/25/2021,-0.223328776,0.172986183,2.080547478,0.107682143,-93.97087387,0.589489902,-3.193939927,1.937751191,3.139778314,78.67215357,15331.70412,-45.4188927,5153.683065,247.2075479
5/2/2021,-0.205213007,0.213558526,1.760438988,-0.029424357,-80.99397577,0.651614835,-2.393487439,1.136604783,3.390201986,62.05677054,3571.509031,-530.0105477,2699.269666,-83.10080219
5/9/2021,-0.231089397,0.237140274,1.508596813,0.215672452,-38.09726881,0.317892589,-1.073360884,0.749584243,3.210505523,44.4719021,3886.144416,-525.0048184,2789.627776,-74.03833544
5/16/2021,-0.198631406,0.571241722,1.140508077,0.321595102,38.433952,1.091654606,-0.995255105,0.1190631,3.502121188,40.83896677,4665.792823,-542.5947945,3030.036544,-73.00523424
5/23/2021,-0.174281332,0.491797647,0.833414678,0.716953837,53.98698406,0.658286871,-0.883628695,0.161983913,3.371007606,88.73029623,5464.837415,-560.3570594,3279.207292,-72.05105029
5/30/2021,-0.239912195,0.567426306,0.359873157,1.83700838,126.360003,0.836035678,-1.188994247,-0.480182222,3.266734007,115.3790451,8498.182722,-448.7467417,3967.657532,-12.48274706
6/6/2021,-0.24481733,0.394355478,-0.226782791,0.772339237,120.2647266,0.847299742,-1.20571674,-1.541900376,3.254770777,113.2930902,4724.538247,-16.83465083,3757.575471,239.8165112
6/13/2021,-0.226286202,0.375002907,-0.72835694,0.695866123,144.0364042,1.014642223,-1.276170244,-2.648597791,3.048606095,117.1980432,5600.017129,-37.13515193,4038.123842,240.29328
6/20/2021,-0.261371575,0.310538174,-1.869559776,0.895577232,128.3288393,0.917411631,-2.292661299,-3.777349557,2.364141192,110.9327107,6498.581731,-57.71259929,4327.858528,240.7175069
6/27/2021,-0.316009613,0.252807976,-2.954599559,0.910644311,98.84876704,1.398533306,-2.780567146,-4.691767411,1.96191412,103.7532833,7569.802028,-131.0633569,4659.036076,228.4929776
7/4/2021,-0.369971844,0.341375194,-2.442735401,2.260841335,112.7228437,1.297038049,-3.841004205,-3.165152831,1.640683038,91.53838817,3194.79957,-1503.693164,3450.341651,-636.3227129
7/11/2021,-0.394340162,0.162000677,-4.016510407,2.583706699,84.28591986,1.150167483,-5.723453772,-3.710174241,1.454158181,67.00253448,4153.213329,-1524.753364,3763.140665,-635.9640683
7/18/2021,-0.392997256,0.040940066,-4.679398273,1.700277877,76.95996526,1.09206732,-6.293159898,-3.898033037,0.938126863,66.24661581,5127.916045,-1545.876738,4082.030903,-635.6002027
7/25/2021,-0.370512137,0.151411083,-4.617676011,1.950682979,61.70787284,0.929583599,-5.468731482,-3.522446981,0.865988084,42.60233521,6116.878263,-1567.041567,4406.183386,-635.2287329
8/1/2021,-0.359250816,0.002424673,-4.319299799,2.420078045,42.61651725,0.960696503,-4.29590135,-3.45848483,0.180036657,17.7131638,2954.557296,-23.72056559,2226.300499,-39.75597852
8/8/2021,-0.342085831,-0.238761543,-4.486762168,1.382070013,29.02420154,0.723138349,-2.270041416,-3.756415316,-0.667979341,-2.02546965,5749.905846,487.8338847,2826.898606,153.2287082
8/15/2021,-0.325624287,-0.32035122,-4.975737035,1.088956606,30.95993193,0.332766536,-2.374936399,-3.877690862,-0.710131941,-3.345839742,6769.129985,466.306267,3161.884122,153.4842741
8/22/2021,-0.313226179,-0.42745014,-5.065158023,1.27181952,50.93066229,-0.117774306,-3.899929949,-4.077140763,-0.96878678,-8.423018592,7794.376895,444.5025183,3498.922352,153.6225779
8/29/2021,-0.295380464,-0.370361947,-5.511955954,1.153051273,-20.39834766,-0.436421808,-5.537439135,-4.603271231,-0.869537126,-8.541185844,8920.344997,396.478339,3903.852679,130.2325325
9/5/2021,-0.340885156,-0.414102891,-5.700644651,0.254680185,-81.44185062,-0.261148862,-6.936566776,-5.038411933,-0.982244635,-19.57241587,-7049.196666,118.180099,-1960.358255,-21.28980307
9/12/2021,-0.354444198,-0.549648903,-6.092423955,0.40806837,-114.6020537,-0.242639738,-6.90992248,-5.231119185,-1.181057447,-13.82484855,-6018.189785,95.20735124,-1621.657469,-21.70683015
9/19/2021,-0.286003923,-0.368735374,-6.188042645,-0.399507133,-116.0407992,-0.322111862,-6.381569093,-5.619885708,-1.409930757,-26.00562622,-4989.816445,71.81795801,-1284.009067,-22.34871088
9/26/2021,-0.19199442,-0.499808982,-6.35278662,-0.200138253,-150.4860516,-0.661582584,-5.668484423,-5.753870103,-1.024563231,-51.34403437,-3966.661951,48.02928437,-948.277334,-23.22594261
10/3/2021,-0.097795975,-0.255442912,-6.70140934,-0.733974941,-160.8485699,-0.346156994,-5.347962132,-6.326580966,-0.981510497,-67.586951,-2110.676917,274.951301,-1415.459163,20.09399653
10/10/2021,0.072700181,-0.383698478,-7.477539321,-1.305404551,-184.7458134,-0.531644014,-4.549889884,-6.676156837,-0.748376211,-53.46663425,-1106.247829,250.4960936,-1086.270417,18.73639169
10/17/2021,0.48563196,-0.601966636,-7.3374839,-1.2852147,-208.8970766,-0.743154414,-1.683005887,-5.804223021,-0.786481423,-53.54803866,-115.4481245,225.8064216,-761.7114438,17.1432929
10/24/2021,0.75452429,-0.539390336,-6.523536229,-0.443235913,-311.1296483,-0.714827537,2.34082546,-4.601548417,-0.653242297,-91.01724959,858.8864276,200.9619175,-442.6546422,15.32185026
10/31/2021,1.05468899,-0.562574009,-4.728560885,-1.375870435,-326.5865304,-0.543203482,6.827097275,-2.808576039,-0.430272763,-78.00422841,437.2113039,54.62023001,-1209.673122,-99.37657923
11/7/2021,0.873498432,-0.704550738,-3.605448238,-1.541318109,-350.3553725,-0.533888869,7.312191539,-2.308553898,-0.407218922,-58.89144153,743.3450362,331.1759136,-1508.301495,30.08717594
11/14/2021,0.721679144,-0.609833793,-2.129382665,-1.823161543,-437.2652912,-0.752715099,10.17044679,-1.059864392,0.095040873,-18.73537623,1652.983483,306.3224399,-1210.426282,27.60226725
11/21/2021,0.584767297,-0.491896841,-1.066863582,-1.641086499,-466.4178512,-0.511325984,10.05875341,-0.333937901,-0.001660438,-9.85506748,2537.048912,281.6085026,-920.8526231,24.8985478
11/28/2021,0.488340939,-0.428116907,-0.546851823,-1.720835653,-422.8597143,-0.53075883,9.019044759,0.282923505,-0.068662963,-10.49983512,2179.449474,-12.05875948,-1173.068999,-122.2587286
12/5/2021,0.408057161,-0.3033297,-0.707148118,-0.689799505,-442.114661,-0.915068012,6.560144732,-0.14094558,0.1590975,-20.78945785,-12679.84597,526.5994538,-5790.205174,-160.3449407
12/12/2021,0.342923958,-0.208452318,-1.010309124,-0.392045889,-438.8096559,-0.772905519,4.099244057,-0.499988818,0.331447731,-25.20830045,-11879.89737,502.8216216,-5527.94717,-163.6538624
12/19/2021,0.3056657,-0.073864849,-1.043428439,-0.358823948,-438.9623265,-0.674105281,1.8524796,-0.811286124,0.269281256,-19.67625147,-11110.516,479.5674592,-5275.690099,-167.140692
12/26/2021,0.208425421,-0.047297077,-0.809423633,-0.699923157,-418.3930381,-0.434892988,0.165241117,-0.670663786,-0.054949902,-23.99778663,-10373.15676,456.9569682,-5033.989883,-170.7952723
1/2/2022,0.152125506,-0.035387496,-1.07449228,-0.446377954,-423.4429277,-0.533122913,-0.209771778,-1.029929849,0.082802998,-28.79228596,-12858.75447,-511.6986517,-5489.903124,-74.57410925
1/9/2022,0.053891049,-0.145711337,-1.577943576,-0.482227669,-427.8601683,-0.367295614,-0.902091927,-1.416907925,0.48677162,-58.49145099,-12610.66127,403.2854068,-5342.360504,200.8742251
1/16/2022,-0.09541335,-0.277030623,-2.282953689,-0.713384203,-463.9632474,-0.81796745,-1.985231246,-2.125458984,0.188675484,-92.26388326,-11977.83436,383.2779844,-5135.698088,196.7639382
1/23/2022,-0.170202053,-0.255188045,-2.484437478,-0.591738135,-450.7524652,-1.046661266,-2.795747294,-2.064842567,-0.426610032,-94.54289738,-11382.37189,364.3598251,-4941.78629,192.5316318
1/30/2022,-0.259129251,0.04635084,-2.683578976,-2.327696065,-406.4641542,-2.046071019,0.763454059,-2.413435171,-0.792943301,-69.59502229,-7496.036276,353.507107,-3770.025008,168.7301602
2/6/2022,-0.26025805,0.040991397,-2.633426364,0.033415946,-368.0522596,0.08273351,1.104318503,-2.208327279,0.975581116,-68.67403355,-4514.593991,-66.31661084,-2491.031494,-193.9507303
2/13/2022,-0.25423851,-0.197493461,-3.213356139,-1.535766384,-304.2338594,-0.935058617,-3.310858628,-2.753199068,0.105150545,-67.64821754,-4037.883364,-81.17877697,-2338.495548,-198.2973319
2/20/2022,-0.304006136,-0.324796584,-4.136039436,-1.342854633,-119.4711687,0.320493368,-5.083996156,-3.5200978,0.744603012,-36.89929333,-3602.231414,-94.48154165,-2200.576311,-202.5966521
2/27/2022,-0.245298382,-0.583761484,-3.655812145,0.220003627,-23.24464761,-0.468213097,-3.735657762,-2.976490559,0.004409698,-26.02574758,-10709.01635,-268.0834203,-3931.393532,-269.5410384
3/6/2022,-0.138152924,-0.529248481,-3.914072652,0.996046657,240.8314535,-0.729534478,-1.725010119,-3.229393125,-0.532415543,-14.81895685,-17478.21922,47.02145654,-5502.007697,-14.62656784
3/13/2022,-0.093300243,-0.538528634,-3.993512751,1.227767915,442.5179348,0.020911507,-0.253170864,-3.479062211,-0.357587103,36.66937641,-17164.65622,38.71782279,-5408.694204,-18.58424784
3/20/2022,-0.047275553,-0.552767495,-4.148658929,1.353169012,571.0310389,-0.008365093,1.685044555,-3.630202923,-0.116685572,49.98512906,-16890.92377,32.10567387,-5330.267638,-22.38340202
3/27/2022,0.048178174,-0.252589639,-3.922135039,1.407739676,787.5266115,-0.022160089,2.980048924,-3.440187593,-0.626243043,62.1027277,-16656.51025,27.16232927,-5266.651887,-26.00955562
4/3/2022,0.165227676,0.03089271,-3.716133577,1.257446082,822.3340725,0.280823696,5.192460841,-2.887518443,-0.850672439,88.38902858,-13214.61439,-132.4812995,-4128.21445,-143.5323247
4/10/2022,0.258322031,0.018396232,-3.159671917,0.909768777,624.7308188,0.552448419,5.449512784,-2.328667271,-0.689408082,84.52453275,-12626.93081,-159.2823464,-3990.169632,-157.1901443
4/17/2022,0.277198522,-0.058940954,-3.194570499,1.924898533,606.4197645,-0.359457446,4.090206231,-2.448658167,-0.269169525,93.92666701,-12505.48289,-159.5257621,-3969.663889,-160.2429032
4/24/2022,0.307796518,0.340158174,-2.989846237,1.970184791,496.1996849,-0.071363368,3.887177179,-1.535885053,-0.093048441,87.6410603,-12419.63349,-158.3603449,-3962.857851,-163.1017793
5/1/2022,0.194542487,0.200068166,-1.980717283,2.201190494,443.8211336,0.613820599,2.54641959,-1.168835588,-0.498994402,97.30823574,-11532.98385,193.6259775,-3551.633972,11.16571017
5/8/2022,0.09712264,0.11269648,-1.563370992,1.632357862,427.1017374,0.954706784,1.074447886,-0.868357725,-0.729391714,103.2770384,-12149.46237,206.2216888,-3846.913901,12.7053592
5/15/2022,0.014325699,-0.158891904,-0.840162307,1.988220965,309.7676163,0.581238762,0.064783551,-0.156241185,-0.958576026,90.71266465,-12162.08182,211.0144049,-3878.137519,10.42888257
5/22/2022,0.027672723,-0.135298075,-0.260235469,1.273294084,247.225696,1.086906502,-0.221403739,0.297954935,-1.244723676,84.84271678,-12204.3338,216.81082,-3920.793317,8.353603658
5/29/2022,0.086855688,-0.087258239,0.39935027,0.045204898,196.4831969,0.180635904,-1.011863707,0.463113038,-1.81561669,44.2012542,-10506.30468,261.6866138,-3584.774896,47.51936323
6/5/2022,0.010232688,0.039930267,0.43146088,0.41402832,195.666012,0.346582892,-2.590969899,0.465355042,-1.663550663,55.48440556,-8372.520854,-44.09397088,-3036.760218,-135.2382704
6/12/2022,-0.030251246,0.129563239,0.248246499,0.329615378,156.558336,0.543148781,-4.030050278,0.558611224,-1.588535786,42.80152291,-8569.902948,-33.78750729,-3129.265722,-136.3726606
6/19/2022,-0.112232691,0.128457934,0.164573074,0.595790411,163.0276464,0.718644231,-4.615796338,0.861859916,-1.612106678,51.51207581,-8781.793691,-23.35603779,-3227.690466,-137.3870886
6/26/2022,-0.166797972,0.216846804,0.459464679,0.801281427,135.3003376,0.951160089,-4.506407591,1.473243466,-1.273234476,49.20121137,-9045.328069,-0.049563393,-3339.977496,-135.2321076
7/3/2022,-0.180882568,0.097495964,1.632250253,0.05850506,83.44834625,0.841515985,-2.730957248,2.381634051,-1.15473102,37.93843002,-2607.467576,1935.185569,-981.470218,725.6672508
7/10/2022,-0.15315212,0.220246819,4.351758892,0.245176165,-24.84553923,1.021825181,-0.089688612,4.12688268,-1.021037392,16.93992628,-2865.078174,1945.654626,-1097.015249,724.8664996
7/17/2022,-0.100080234,0.365346239,5.632935191,0.767269282,-73.47993393,1.304530889,2.355939255,4.124814636,-0.496209661,-8.605837005,-3138.209325,1956.063311,-1217.84734,724.1070381
7/24/2022,-0.090312648,0.356230913,5.261624512,0.72703926,-90.4758025,1.242848068,3.043605961,3.899553474,-0.814682343,-21.39649866,-3426.510151,1966.413987,-1343.610411,723.3945277
7/31/2022,-0.09917877,0.439444865,4.461014186,0.163301082,-128.2791624,1.3878199,2.176043741,2.73625257,-0.218150638,-39.41286984,1736.89692,1573.42591,487.3227194,565.1479613
8/7/2022,-0.102559861,0.543229202,3.279692985,-0.027356222,-174.3301368,0.785560219,0.41862626,1.9344333,-0.100891924,-64.39227272,-1361.925828,-103.716063,489.1357272,-26.39735296
8/14/2022,-0.10304414,0.411064213,2.837951153,-0.084268268,-217.641417,0.77083444,-0.338826145,1.628603648,0.061137173,-72.68382048,-1691.433701,-93.31315917,351.3478147,-26.8464735
8/21/2022,-0.084689243,0.310178914,2.552462124,-0.640080728,-237.5809178,0.828356826,0.512318451,1.578038959,0.257271088,-75.58845152,-2032.947903,-82.784382,210.5315648,-27.15565421
8/28/2022,-0.060556624,0.401245368,2.680077039,-0.593890522,-341.0330492,0.656979784,2.149350863,2.02619407,0.356180872,-93.0988946,-2374.715529,-61.59625549,70.67140446,-26.44930157
9/4/2022,0.084819094,0.28637564,3.060559062,-0.238749069,-381.0523562,0.370153052,4.655986302,2.760333389,0.508490675,-97.09561658,3345.437581,-420.6379547,2295.845091,-34.49063725
9/11/2022,0.217967436,0.52266347,3.690175168,-0.089684465,-339.8573835,0.422007499,5.771108277,3.074952241,0.462974951,-102.4355655,2973.39914,-409.4211622,2148.748157,-34.24154639
9/18/2022,0.248343443,0.524763632,3.897862749,-0.001175053,-279.8659105,0.416369388,4.769496959,3.554994838,0.555473666,-101.9278907,2593.452867,-397.9015104,2000.581974,-33.77312251
9/25/2022,0.198151086,0.522764956,4.207766233,-0.586377823,-137.7888536,0.141160767,3.052001919,4.218897818,0.503497592,-76.91829149,2206.964509,-386.0553842,1851.8957,-33.0744628
10/2/2022,0.153022135,0.30522989,4.741633865,-0.428686971,90.38587903,-0.005125814,2.388677102,4.695764113,0.52382373,-51.67774948,5140.851987,-128.348232,2670.821389,148.0342234
10/9/2022,0.108272512,0.582121496,5.53101297,-0.402299263,85.77666625,0.478612257,2.934333362,5.635013349,0.280874709,-63.22692096,4745.645856,-115.8309964,2522.763085,149.2081194
10/16/2022,0.060914341,0.733835076,6.69610479,-0.120246439,264.6118628,0.957342228,4.296175173,6.799059488,0.651949086,-19.50151891,4348.336288,-102.9904096,2375.835148,150.6192287
10/23/2022,-0.026575451,0.631155589,7.385022104,0.142790468,452.1693325,0.776834201,4.498017916,6.989526827,0.917127816,-3.722922581,3950.438412,-89.84229674,2230.550433,152.2639747
10/30/2022,-0.151990115,0.649902874,7.107426012,-0.463439663,514.2667551,0.485651864,3.114243523,6.484201542,1.070907769,6.849492513,3660.082506,-124.064937,1860.755815,120.1588085
11/6/2022,-0.111659804,0.725332753,7.011638993,-0.270357534,548.2175068,0.442802494,2.253024687,5.715350368,0.742164588,9.145838215,6334.659437,-889.9159873,2677.949875,-202.2359745
11/13/2022,-0.103152257,0.623249241,6.161190514,-0.129338689,632.0874227,0.272691893,0.656841565,4.960781993,0.608016659,2.038615551,5943.732037,-875.9275445,2540.36417,-199.9051813
11/20/2022,-0.129888701,0.503995685,5.669026833,-0.986038079,638.0017926,0.172410773,-0.692292847,4.554183841,0.580039524,-3.189687025,5557.634843,-861.6883095,2406.092312,-197.3538248
11/27/2022,-0.156692496,0.43975683,5.451957159,-0.588421539,526.343361,0.463892364,-1.379366088,3.33550365,0.412813007,-3.722394651,5075.390177,-836.4872003,2235.746959,-198.0815547
12/4/2022,-0.140754925,0.553087585,4.396129541,-0.961695713,507.237555,0.728304809,-0.869252432,2.689233097,0.249109252,21.93925313,11681.38399,-226.5717373,3720.078935,161.9893986
12/11/2022,-0.123307729,0.666259614,3.956124576,-0.952298374,424.1186124,0.570294994,-0.612148127,2.67432796,0.267025518,34.2521169,11315.4895,-211.7629532,3597.243245,165.1452705
12/18/2022,-0.185714812,0.47513805,2.756615921,0.085106397,352.5736705,0.616901389,-2.208847551,0.783930163,0.120251949,25.33823314,10958.37914,-196.8788142,3478.734481,168.4787776
12/25/2022,-0.130072926,0.354006833,0.792358283,-0.133826689,276.8906079,-0.455545125,-2.762809959,-1.01607052,-0.241069338,18.25356542,10611.16456,-181.999288,3364.82738,171.9792545
1/1/2023,-0.080649996,0.361013026,-0.153009943,-0.451878041,243.8747516,-0.181075762,-3.016283072,-0.941848992,-0.454645943,27.54120862,14004.89248,-2564.09196,4538.858645,-806.001152
1/8/2023,-0.074474873,0.238989965,-0.754110702,-0.536268757,182.2272931,0.001236614,-2.052489373,-2.299895898,-0.848437915,59.81350932,12721.23256,-415.1246465,4272.326392,-165.0304014
1/15/2023,-0.099747432,0.249891659,-1.413204083,-0.610587686,109.7056354,-0.03303966,-0.206090201,-2.463663278,-0.202670033,44.94893689,12410.91563,-400.679324,4173.969576,-161.0798651
1/22/2023,-0.031882984,0.337140091,-2.003301406,-0.465894045,178.2970057,0.553613787,2.59280183,-2.531140555,0.42759332,80.28303229,12115.418,-386.5333881,4081.413294,-157.0112017
1/29/2023,0.005776536,0.145803402,-1.943538333,-0.689034004,317.7160142,1.323723209,1.278765489,-2.208234599,0.597568964,121.1789187,11880.12368,-395.4849458,4033.710378,-163.6897544
2/5/2023,0.015738294,-0.029689082,-2.875160068,-1.305013043,404.6367341,0.379488929,-2.853929075,-2.957973658,-0.391445911,127.5534081,8651.28178,374.0084996,2728.533855,250.4084732
2/12/2023,-0.139828879,-0.098776858,-4.138875635,-1.651988072,298.9575219,-0.038423318,-6.21488608,-2.646113914,-0.596242605,86.24353694,8406.698642,386.5957467,2654.997719,254.6170551
2/19/2023,-0.123320707,-0.20341922,-4.087708116,-2.219916525,254.8980195,-0.297152155,-4.000414812,-2.303392947,-1.098038927,101.5696425,8180.452062,398.4690964,2588.132057,258.8042887
2/26/2023,-0.046560696,-0.194644024,-2.458481335,-0.868491942,224.7614526,0.452150131,-0.718501174,-0.82209196,-0.499543378,85.88472322,7625.004665,421.0048044,2422.554944,265.6377112
3/5/2023,-0.047647471,-0.104266068,-1.750587769,-1.063130959,138.27329,0.611729026,0.006553887,-0.651825236,0.014228861,47.48517399,-1922.847581,264.7581174,-388.152091,80.73202176
3/12/2023,-0.052570574,-0.046464945,-1.458310303,-1.149710354,37.55564998,0.39576369,0.207193302,-0.694228748,-0.234435395,66.13390083,-2092.681406,274.0983971,-434.7704351,84.70824871
3/19/2023,-0.048314609,-0.057037356,-1.563774098,-0.079638323,-47.12147852,0.596431773,0.296501099,-0.958171847,-0.031064798,40.50898639,-2243.497779,282.5106813,-474.6528571,88.57685499
3/26/2023,-0.05355324,-0.02787215,-1.694335802,-0.175703942,-234.8362682,0.970221506,0.780726203,-1.070634137,0.195854085,64.46558805,-2375.406519,289.970327,-507.8759715,92.32170044
4/2/2023,-0.059399352,-0.243501064,-1.722209107,0.292597467,-349.9614054,1.124551389,-0.448465685,-1.260975862,0.41661822,34.92205767,-6199.802439,253.4313911,-1512.658258,-27.68964782
4/9/2023,-0.052319853,-0.091823469,-1.538337011,0.870750207,-344.4698951,1.270817945,-0.725763544,-1.186948234,0.774547264,32.65206512,-5315.737126,201.8137935,-1297.177751,-47.96790799
4/16/2023,-0.068877846,-0.01244814,-1.674053712,0.127472824,-338.5869298,1.668522061,-0.727515229,-1.256129874,0.566671251,33.73173293,-5394.113402,206.3824205,-1311.660106,-44.66644755
4/23/2023,-0.091962404,-0.097653039,-1.769399427,-0.336784929,-157.4173045,1.963286515,-1.227364056,-1.587582018,0.64202989,46.7989564,-5456.385402,210.0194769,-1320.525219,-41.52615823
4/30/2023,-0.075276529,-0.088182685,-1.722422308,0.023194919,-108.6980715,1.619491189,-0.657353638,-1.266635264,0.538497236,51.8503706,-2704.85328,217.3943197,-716.3830779,-15.57572268
5/7/2023,-0.094858961,-0.036520785,-1.473469297,-0.003277866,-161.4138039,1.831739822,0.086012917,-1.079427628,1.001037982,46.64488774,1240.3902,-33.2296838,374.0925542,-100.3769242
5/14/2023,-0.109954866,-0.01375485,-1.367963257,0.593798757,-106.9711783,2.201461537,0.421639356,-0.962982776,0.857278173,45.44372798,1218.856945,-32.16674421,379.4328826,-97.75520058
5/21/2023,-0.102625932,-0.117212949,-1.357958235,1.276548879,-93.02455364,2.500781356,0.4768642,-1.054749941,1.295291863,14.67337296,1208.090908,-31.86544306,388.523373,-95.31928579
5/28/2023,0.091569616,-0.029211946,-0.320310975,-0.877275273,-134.1738931,0.144327311,2.313270158,-0.100856012,0.402015275,-44.35457064,3279.647643,-58.99371873,891.545611,-50.2799452
6/4/2023,0.140815804,-0.088854059,-0.206817847,-0.646715942,-131.1132973,-1.36E-05,3.398998922,0.174427593,0.265323188,-48.00831949,2336.695587,25.03669237,416.245787,-22.13707624
6/11/2023,0.15379339,-0.153340188,-0.018357973,-0.504371803,-113.4874868,-0.193335667,4.301056884,0.401360986,0.284433307,-39.53702577,2170.441508,28.59536378,380.2057586,-20.92016028
6/18/2023,0.207550649,-0.153306017,0.288559282,-0.773187778,-107.0517417,-0.325949056,4.863092764,0.456548383,0.479898049,-40.31213783,2001.397815,32.23066604,343.4856834,-19.78142775
6/25/2023,0.246957402,-0.208955113,0.302989912,-0.861394526,-73.33668056,-0.701148225,4.728293983,0.262712497,0.450634391,-35.79451492,1666.951346,92.79928065,270.6373015,-5.067593422
7/2/2023,0.263096234,-0.18219335,-0.877217174,-0.959836319,-40.28007219,-0.607938165,3.846949649,-1.142843257,0.422429803,-25.13172801,-1474.271351,-775.967685,-854.1637294,-275.6114999
7/9/2023,0.253511156,-0.144325931,-2.340159298,-1.208654213,47.79903855,-0.722095243,2.715152037,-2.289302486,0.411740653,-0.625442148,-1646.925803,-772.056819,-891.5885369,-274.6342397
7/16/2023,0.220981241,-0.195624809,-3.098093582,-1.123463471,89.41127606,-0.916677963,1.209506899,-2.251177229,0.178921675,18.10189074,-1819.333504,-768.0599168,-928.9148979,-273.6986472
7/23/2023,0.196888234,-0.233517125,-2.884398649,-1.247784846,104.0972463,-0.859978752,0.300653444,-2.160570654,0.327888452,36.1364944,-1991.054456,-763.9983036,-966.0707316,-272.8100283
7/30/2023,0.164517452,-0.241360703,-2.390597108,-1.024650039,137.3634972,-1.012318342,0.274223873,-1.355399749,0.105665904,52.69363979,-1811.304107,-1168.272409,-603.8410552,-390.0620505
8/6/2023,0.157069994,-0.208074898,-1.421531791,-0.48011409,177.6111885,-0.502572983,0.756704614,-0.633548584,0.355585954,71.00532285,-828.1879693,-191.9822208,-873.8019437,-51.81634248
8/13/2023,0.143901726,-0.082163869,-0.819798072,-0.202239992,214.3425227,-0.303576291,1.473761505,-0.249197363,0.294250107,77.99158064,-996.6684224,-187.8685467,-910.4515873,-51.11734032
8/20/2023,0.130803365,0.042242686,-0.487643232,0.087221649,225.5158803,-0.128185568,1.385644592,-0.115430688,0.251733855,84.13877549,-1163.8838,-183.7776839,-946.9908286,-50.49583437
8/27/2023,0.114190781,-0.042383749,-0.348073425,0.121825205,339.5736103,0.099287146,0.766847706,-0.194746141,0.254350944,100.1270166,-1398.188237,-147.3826691,-1034.747553,-29.75366891
9/3/2023,0.034000972,0.076657269,-0.498421596,0.110973788,401.1283398,0.280947253,-0.453159575,-0.485779344,0.194548844,108.867373,-68.25456077,174.15223,-679.2219714,17.80768778
9/10/2023,-0.040396523,-0.021081848,-0.754069461,0.020271081,386.3505782,0.257220797,-1.194395624,-0.598164372,0.308951176,113.1833033,-230.9930249,178.0537312,-715.4996362,18.16247627
9/17/2023,-0.089887711,-0.060711279,-0.830749624,0.324643903,346.1296653,0.299969588,-0.669718545,-0.71308218,0.344913754,122.0584113,-392.074043,181.8511372,-751.7203875,18.41889208
9/24/2023,-0.091435212,-0.033859396,-0.959280346,0.722649289,261.1470492,0.610866425,0.216317889,-1.012806416,0.291370368,115.3438577,-551.4437683,185.5262444,-787.9012651,18.57388481
10/1/2023,-0.100698144,0.032795565,-1.130171273,0.776341894,107.685922,0.619425343,0.557022746,-1.094774121,0.303583426,106.2462041,-2192.466027,-32.75264003,-969.9398823,-99.71771895
10/8/2023,-0.128727247,-0.109243608,-1.163769456,0.968519805,121.5115447,0.36124718,-0.11503269,-1.464739357,0.379770266,110.8503936,-2348.291334,-29.36638571,-1006.097919,-99.77065879
10/15/2023,-0.242944744,-0.123724599,-1.715488675,0.746553958,1.46316923,0.084832027,-2.058228891,-2.335885274,0.173396664,78.78540927,-2502.301453,-26.14283594,-1042.274269,-99.92866558
10/22/2023,-0.280595076,-0.028712768,-2.206744614,0.250612479,-93.39109174,0.234091832,-3.58999712,-2.788297846,0.007306973,79.58338811,-2654.475249,-23.0927613,-1078.486129,-100.1919018
10/29/2023,-0.308948581,-0.011984853,-2.506397659,0.956095108,-133.9062474,0.389647775,-4.301559684,-3.096618634,-0.110166696,63.35597052,-1489.783159,15.99154665,-518.0582247,-52.69313597
11/5/2023,-0.268542736,0.030691617,-2.997499768,0.819169977,-152.2312541,0.435392713,-3.959181074,-2.843267823,0.164103889,50.44069038,-3281.015182,513.633152,-928.7461235,145.9842909
11/12/2023,-0.222358535,0.0557939,-3.132905393,0.814117179,-177.3554794,0.656632157,-4.001611892,-2.909288013,0.094605083,41.01926977,-3427.717147,516.1141836,-965.1611843,145.4105851
11/19/2023,-0.154740065,0.065283917,-3.465019792,1.299618174,-168.4637169,0.640297475,-3.061267567,-3.032487696,0.174447824,42.89724556,-3572.642452,518.3982501,-1001.667807,144.7397168
11/26/2023,-0.099973778,0.046002989,-3.668597554,1.07129908,-104.4455221,0.44874459,-2.301269656,-2.556481639,0.298954969,43.86176173,-2818.630347,754.1752586,-639.1774812,259.5292117
12/3/2023,-0.077001842,-0.081720953,-3.065723499,0.929644855,-84.34342294,0.42139447,-1.837700541,-2.20942043,0.256253451,28.99988903,-5560.737172,-13.80564259,-1155.842589,-61.54488084
12/10/2023,-0.05888523,-0.207083327,-2.84866387,0.820851166,-27.95280926,0.456138018,-1.137633179,-2.183548302,0.137324509,20.78628963,-5700.480257,-12.09910572,-1192.579714,-62.47137083
12/17/2023,-0.006048064,-0.13369638,-2.169346071,0.102040457,22.25874161,0.408503729,0.783077851,-0.856870013,0.120637865,24.77109937,-5838.534253,-10.56738334,-1229.406893,-63.47106537
12/24/2023,-0.016429281,-0.057792478,-1.003090994,0.36249867,65.62388902,1.017402012,1.740254206,0.249939782,0.324577346,31.6266515,-5974.920986,-9.196564956,-1266.306742,-64.53692787
12/31/2023,-0.032356891,-0.098333603,-0.416832726,0.34538237,86.87152736,0.841848195,1.83780534,0.143623206,0.356861443,26.95675311,-4779.50487,2139.306949,-993.3167287,685.2816345
1/7/2024,-0.022160351,0.005157982,0.077093345,0.543282538,124.628996,0.662687281,1.198003685,1.145705746,0.471113623,14.38030982,-4000.128119,110.6004747,-875.6419724,78.14423096
1/14/2024,0.014749481,0.036389551,0.654940757,0.565452337,159.6576986,0.738649773,0.032569803,1.493508644,0.075639059,21.5362747,-4132.411497,111.5375294,-912.8025965,76.91070416
1/21/2024,-0.010579715,-0.044008211,1.085695014,0.46069385,72.74152672,0.440964913,-1.660531129,1.502850697,-0.12086816,-20.75439852,-4263.891773,112.3532788,-950.1219618,75.63397504
1/28/2024,0.023919518,-0.062443858,1.188568289,1.226834695,-47.23725652,0.365613105,-1.891398469,1.517388713,-0.057785156,-65.01297053,-7100.162981,83.66631747,-1766.175727,79.08890844
2/4/2024,0.01435104,0.067783425,1.970441182,0.878991897,-126.0107579,0.250917075,1.144796725,2.156681496,0.071584467,-71.51451726,-4586.607258,-354.0349369,-818.2154119,-143.9690892
2/11/2024,0.116971696,0.118324406,3.090161072,1.529952429,-71.41900989,0.798886388,5.142120069,2.246126007,0.511918946,-40.43849777,-4717.255872,-353.4423085,-856.1654903,-145.3107066
2/18/2024,0.129372678,0.182096689,3.472592947,1.921115087,-106.5489779,0.536397339,4.487377357,2.271567721,0.537336029,-61.14838107,-4847.979701,-352.874652,-894.3348343,-146.6525523
2/25/2024,0.092125099,0.245448783,2.404938398,0.389881991,-120.3080686,0.266045778,2.066021801,1.140364763,0.26041148,-53.57973664,856.2262311,-206.4971092,489.0137286,-93.32242958
3/3/2024,0.073297079,0.175875793,1.986689744,0.215809556,-166.5375454,0.250144171,0.858502267,0.989791206,0.032610063,-34.92484837,6008.213564,-225.1572371,1885.160434,-70.79607736
3/10/2024,0.065952799,0.136271942,1.841911473,0.171177708,-167.0103657,0.121369926,0.152672501,1.203843554,0.095755273,-67.94055248,5876.137744,-224.5485875,1846.285204,-72.09609045
3/17/2024,0.049715451,0.179704129,1.973471648,-0.737002946,-144.7161269,-0.023496487,-0.621899128,1.459936898,-0.175777428,-54.25458005,5743.309632,-223.8933621,1807.182248,-73.37140362
3/24/2024,0.018419461,0.038590685,1.97748567,-0.664494488,-83.1865052,-0.317681597,-1.498711113,1.499235085,-0.227520917,-72.44627171,5609.705739,-223.1746534,1767.886309,-74.61688895
3/31/2024,-0.01653403,0.100727616,1.960659353,-0.969142787,-10.01868448,-0.564360229,-1.375984283,1.4979589,-0.352343287,-61.39499118,7901.168515,-140.4469975,2125.769948,40.17441195
4/7/2024,-0.045307504,0.027822971,1.78061092,-1.234150986,67.7003383,-0.783478421,-1.152555661,1.3982589,-0.708853136,-50.75646246,6834.701518,-85.20892134,1861.892458,61.57586412
4/14/2024,-0.045689882,0.005859498,1.895944891,-1.132674858,72.57997191,-0.665039153,-0.475534795,1.438041863,-0.698952976,-51.41574212,6699.433068,-84.20605277,1822.42357,60.44573634
4/21/2024,-0.033602615,-0.052974936,1.808011599,-0.80923044,-12.77682502,-1.007190922,-0.019198447,1.197330736,-0.835608627,-56.07084098,6564.11511,-83.08276894,1783.09965,59.36123422
4/28/2024,0.004018162,-0.00495377,1.36784434,-1.164351772,-25.84618799,-1.070710748,0.055135592,0.908230445,-0.623966801,-61.40250247,6441.596115,-155.1719476,1648.525983,22.90405165
5/5/2024,0.070116124,-0.009054716,1.034651566,-0.931961989,14.87413239,-1.324365232,-0.014618576,0.698287608,-0.833837895,-57.28578129,3706.113982,26.88949884,948.5300356,84.14311809
5/12/2024,0.114671391,0.044045825,0.709885901,-1.570759507,16.32241526,-1.566823894,0.206919398,0.421259968,-0.68321652,-50.20519368,3572.89045,28.41806648,910.4061673,83.21065235
5/19/2024,0.098590517,0.130145022,0.499064583,-1.811475997,33.29144314,-1.947717684,0.274680016,0.283052991,-0.861895414,-32.55515354,3441.130605,30.08350202,872.9329499,82.33077744
