date,生猪,白萝卜,白条鸡,白条猪,大黄花鱼,豆粕,牛肉,农产品批发价格200指数,羊肉,玉米,进口量(吨),出口量(吨),进口金额(万美元),出口金额(万美元),原始生猪
1/3/2016,19.69092305,1.618123473,15.53796671,26.1953643,41.93450738,2839.399445,53.1073246,110.2014388,45.23876502,1786.12685,68591.05878,6509.212942,13491.70332,2383.738742,16.44666667
1/10/2016,19.64624527,1.615550283,15.51352844,26.14617907,41.95723654,2849.637618,53.1098586,110.0203839,45.23034257,1784.362808,68503.92944,6510.014513,13455.7214,2386.049296,16.87714286
1/17/2016,19.60124303,1.612948451,15.48900256,26.09673869,41.97990796,2859.799915,53.11246549,109.8397137,45.22213127,1782.606054,68413.39458,6510.893635,13419.14062,2388.351189,17.14428571
1/24/2016,19.55591369,1.610317916,15.46438994,26.04704163,42.0025181,2869.884211,53.11514608,109.6594645,45.21413866,1780.856662,68319.39247,6511.851573,13381.95133,2390.643657,17.37
1/31/2016,19.51025712,1.607658958,15.4396924,25.99708852,42.02forecast['yhat']50633,2879.888566,53.11790059,109.4796817,45.20637183,1779.114639,68221.87592,6512.888703,13344.14637,2392.925839,17.43714286
2/7/2016,19.46427561,1.604972124,15.41491285,25.94688199,42.04754079,2889.811177,53.12072888,109.3004179,45.1988377,1777.379933,68120.81311,6514.004489,13305.72125,2395.196783,17.17142857
2/14/2016,19.41797388,1.602258158,15.39005547,25.89642666,42.06994912,2899.650362,53.12363097,109.121729,45.19154312,1775.652442,68016.18949,6515.197632,13266.67457,2397.455465,15.86428571
2/21/2016,19.3713593,1.599517885,15.36512538,25.84572852,42.09228815,2909.404545,53.1266069,108.9436685,45.18449454,1773.931998,67908.01339,6516.466752,13227.00924,2399.700863,17.59714286
2/28/2016,19.32444198,1.596752211,15.34012788,25.79479421,42.11455894,2919.072231,53.12965605,108.7662856,45.17769789,1772.218368,67796.31875,6517.810493,13186.73317,2401.93194,17.54285714
3/6/2016,19.27723377,1.593962124,15.31506835,25.74363086,42.13676295,2928.652036,53.13277726,108.5896246,45.17115902,1770.511246,67681.16625,6519.227481,13145.85952,2404.147638,17.91685714
3/13/2016,19.22974803,1.591148718,15.28995235,25.69224633,42.15890209,2938.142713,53.13596877,108.4137257,45.16488384,1768.810259,67562.64164,6520.716289,13104.40637,2406.346892,18.116
3/20/2016,19.18199923,1.58831321,15.26478554,25.64064933,42.18097891,2947.543184,53.13922821,108.2386232,45.15887835,1767.114984,67440.846,6522.275298,13062.3946,2408.528669,18.75428571
3/27/2016,19.13400248,1.585456898,15.2395738,25.58884913,42.20299631,2956.85258,53.14255285,108.0643432,45.15314867,1765.424977,67315.89206,6523.902644,13019.84703,2410.691976,19.76571429
4/3/2016,19.08577281,1.582581084,15.21432309,25.53685513,42.22495727,2966.070287,53.14593942,107.8909013,45.14770112,1763.739804,67187.9044,6525.596199,12976.78839,2412.835868,19.715
4/10/2016,19.03732473,1.579686979,15.18903943,25.48467635,42.24686498,2975.195978,53.14938418,107.7183011,45.14254224,1762.059068,67057.01865,6527.35368,12933.24524,2414.959486,19.44307692
4/17/2016,18.98867234,1.576775582,15.16372907,25.43232129,42.26872322,2984.229622,53.15288322,107.5465337,45.13767899,1760.382439,66923.37614,6529.17313,12889.24506,2417.062191,19.73025641
4/24/2016,18.93982961,1.573847506,15.13839838,25.37979801,42.2905368,2993.171492,53.15643269,107.3755794,45.13311868,1758.709663,66787.12276,6531.052932,12844.81638,2419.143555,20.0174359
5/1/2016,18.8908103,1.570902938,15.11305386,25.32711416,42.31231141,3002.022177,53.16002895,107.2054098,45.12886891,1757.040569,66648.40937,6532.991777,12799.98893,2421.203354,20.30461538
5/8/2016,18.84162765,1.567941653,15.08770194,25.27427687,42.33405377,3010.782594,53.16366852,107.0359903,45.12493773,1755.375082,66507.39056,6534.988613,12754.79334,2423.241559,20.59179487
5/15/2016,18.79229395,1.564963072,15.06234883,25.22129262,42.35577192,3019.453975,53.16734821,106.8672812,45.12133354,1753.713235,66364.21907,6537.042406,12709.25986,2425.258277,20.8585348
5/22/2016,18.7428201,1.561966322,15.03700038,25.16816704,42.37747506,3028.037855,53.17106534,106.6992399,45.1180651,1752.055159,66219.04737,6539.152036,12663.41862,2427.253741,21.02071429
5/29/2016,18.69321527,1.558950286,15.01166214,25.11490492,42.39917278,3036.536052,53.17481793,106.531821,45.11514157,1750.401067,66072.02854,6541.316278,12617.29988,2429.228327,21.18
6/5/2016,18.64348693,1.55591365,14.98633937,25.06151024,42.42087426,3044.950613,53.17860478,106.364977,45.11257249,1748.751244,65923.31659,6543.533789,12570.93406,2431.182569,21.21142857
6/12/2016,18.59364067,1.552854963,14.96103696,25.00798634,42.44258813,3053.283758,53.18242552,106.1986586,45.11036769,1747.106033,65773.0647,6545.803124,12524.35136,2433.117163,21.11571429
6/19/2016,18.5436799,1.549772718,14.93575937,24.95433582,42.46432259,3061.537809,53.18628064,106.032815,45.10853723,1745.465819,65621.41742,6548.122835,12477.58008,2435.032925,20.79530612
6/26/2016,18.49360562,1.546665415,14.91051061,24.90056034,42.48608511,3069.715083,53.19017146,105.8673948,45.10709107,1743.831024,65468.5076,6550.491482,12430.64592,2436.930772,20.19444178
7/3/2016,18.44341656,1.54353162,14.88529401,24.84666026,42.50788204,3077.817816,53.19410011,105.702346,45.10603883,1742.202097,65314.4553,6552.907628,12383.57177,2438.811731,19.67294118
7/10/2016,18.39310922,1.540370008,14.86011213,24.79263449,42.52971825,3085.848109,53.19806961,105.5376166,45.10538982,1740.579513,65159.36721,6555.369907,12336.37745,2440.676953,19.19445378
7/17/2016,18.34267789,1.537179367,14.83496662,24.7384803,42.55159684,3093.80788,53.20208409,105.3731526,45.1051529,1738.96377,65003.33711,6557.877356,12289.07967,2442.527713,18.97714286
7/24/2016,18.29211447,1.533958566,14.80985818,24.68419315,42.57351879,3101.698858,53.20614862,105.2088972,45.10533639,1737.355391,64846.4441,6560.429635,12241.69162,2444.365467,18.73
7/31/2016,18.24140826,1.530706496,14.78478645,24.62976643,42.59548308,3109.522638,53.21026915,105.0447902,45.10594789,1735.754934,64688.75074,6563.027129,12194.22254,2446.191903,18.47142857
8/7/2016,18.19054572,1.527422088,14.75975006,24.57519126,42.61748674,3117.280718,53.21445242,104.8807682,45.106994,1734.162999,64530.30092,6565.671055,12146.67727,2448.008979,18.34428571
8/14/2016,18.13951042,1.524104326,14.73474645,24.52045642,42.63952457,3124.974549,53.21870604,104.7167645,45.10847982,1732.580247,64371.11754,6568.363402,12099.05564,2449.818925,18.80857143
8/21/2016,18.08828299,1.520752277,14.70977174,24.46554831,42.66159001,3132.605597,53.22303816,104.552709,45.11040853,1731.007408,64211.20029,6571.106251,12051.35216,2451.624087,18.74285714
8/28/2016,18.03684072,1.517365108,14.6848206,24.41045079,42.68367515,3140.175414,53.22745754,104.3885286,45.11278078,1729.445283,64050.52186,6573.901577,12003.55517,2453.426897,18.69428571
9/4/2016,17.98515705,1.513942086,14.65988616,24.35514493,42.70577076,3147.685688,53.23197341,104.2241463,45.11559442,1727.894742,63889.02251,6576.751225,11955.64568,2455.22989,18.68285714
9/11/2016,17.93320075,1.510482562,14.63495976,24.29960851,42.7278659,3155.138278,53.23659558,104.0594806,45.11884372,1726.356711,63726.60487,6579.656949,11907.59624,2457.035728,18.67571429
9/18/2016,17.8809349,1.506985896,14.61003067,24.24381517,42.74994787,3162.535222,53.24133447,103.8944425,45.12251903,1724.832163,63563.13304,6582.620626,11859.37111,2458.84723,18.45857143
9/25/2016,17.82831554,1.503451347,14.5850854,24.18773331,42.77200205,3169.878677,53.24620125,103.7289343,45.12660634,1723.322117,63398.42258,6585.644396,11810.92429,2460.667384,18.15142857
10/2/2016,17.77528972,1.499877925,14.5601072,24.13132464,42.79401088,3177.170774,53.25120817,103.5628481,45.1310874,1721.827674,63232.22191,6588.730879,11762.19598,2462.499355,17.46285714
10/9/2016,17.72179269,1.496264165,14.53507502,24.07454219,42.81595344,3184.413321,53.25636919,103.3960654,45.13593987,1720.350146,63064.18495,6591.883628,11713.10742,2464.346524,17.13714286
10/16/2016,17.66774366,1.492607866,14.509962,24.01732731,42.83780543,3191.607238,53.26170109,103.2284591,45.14113803,1718.891225,62893.83289,6595.108065,11663.55429,2466.212588,16.44571429
10/23/2016,17.61303928,1.488905726,14.48473338,23.95960495,42.85953777,3198.751529,53.26722567,103.0598982,45.14665471,1717.453168,62720.48879,6598.41298,11613.39496,2468.10163,16.10142857
10/30/2016,17.55754388,1.485152816,14.4593434,23.90127648,42.88111405,3205.841496,53.27297195,102.8902603,45.15246545,1716.039043,62543.17312,6601.812555,11562.43156,2470.017992,16.40285714
11/6/2016,17.50107502,1.481341801,14.4337315,23.84220873,42.90248566,3212.865757,53.27898018,102.719456,45.15855635,1714.653076,62360.44584,6605.329256,11510.38175,2471.965893,16.71714286
11/13/2016,17.44338298,1.477461995,14.40781763,23.78221848,42.92358507,3219.801412,53.28530682,102.5474768,45.16493645,1713.301098,62170.18017,6608.997901,11456.83829,2473.94861,16.87142857
11/20/2016,17.38412547,1.473498423,14.38149817,23.72105403,42.94431522,3226.606854,53.29203056,102.3744781,45.17165625,1711.991043,61969.26828,6612.870829,11401.21644,2475.966902,16.95285714
11/27/2016,17.32284666,1.469431909,14.35464493,23.65837941,42.96453625,3233.212428,53.29925862,102.2009227,45.17883148,1710.733324,61753.28895,6617.022406,11342.69629,2478.016151,16.95571429
12/4/2016,17.25897992,1.465242174,14.32711344,23.5937771,42.9840498,3239.511434,53.30712879,102.0277997,45.1866649,1709.540567,61516.29429,6621.54908,11280.18837,2480.081903,17.12714286
12/11/2016,17.19191849,1.460917584,14.29877201,23.5268045,43.00258776,3245.359576,53.31579612,101.8569058,45.19544004,1708.425542,61251.11006,6626.556116,11212.3938,2482.134173,17.37857143
12/18/2016,17.12123364,1.456477129,14.26956797,23.45716787,43.01982311,3250.601926,53.32538461,101.6910829,45.20542773,1707.395327,60950.92922,6632.114288,11138.09653,2484.122951,17.52571429
12/25/2016,17.04060946,1.452791655,14.24517346,23.3756469,43.03182517,3250.10354,53.33911766,101.5863897,45.24207284,1706.899024,60556.37726,6639.220484,11049.65103,2484.002115,17.42285714
1/1/2017,16.9592743,1.449303863,14.22152714,23.29298017,43.04300311,3249.075371,53.35325673,101.4892137,45.28170453,1706.465499,60156.07711,6646.460084,10960.59298,2483.644305,17.58
1/8/2017,16.87750248,1.446012345,14.19870977,23.20937574,43.05340412,3247.536535,53.36777048,101.399631,45.32441334,1706.087765,59752.44671,6653.81946,10871.40424,2483.05073,18.16142857
1/15/2017,16.79556641,1.442909098,14.1767962,23.12504357,43.06309691,3245.506944,53.38263709,101.3175448,45.37029426,1705.75881,59347.96586,6661.29353,10782.57718,2482.224897,18.24571429
1/22/2017,16.7137336,1.439981564,14.15585442,23.04019315,43.07216271,3243.008016,53.39784228,101.2426789,45.41943976,1705.471841,58945.15827,6668.893269,10694.61234,2481.174567,18.11
1/29/2017,16.63226549,1.437215574,14.13594399,22.95503354,43.08068048,3240.064333,53.41336789,101.1746168,45.47193505,1705.220419,58546.57211,6676.665573,10608.01378,2479.917986,18.07142857
2/5/2017,16.55140381,1.434598187,14.11711432,22.86976933,43.08872416,3236.704055,53.4291923,101.1128673,45.52786025,1704.999007,58154.60635,6684.641306,10523.24303,2478.473978,18.04428571
2/12/2017,16.47135899,1.432119148,14.09940775,22.78459744,43.09635482,3232.959304,53.44529857,101.0568925,45.58729266,1704.803483,57771.41617,6692.825511,10440.69931,2476.859959,17.48714286
2/19/2017,16.39231423,1.429769764,14.08286192,22.69970266,43.10363306,3228.865731,53.46167401,101.0060843,45.65029646,1704.632024,57398.82808,6701.20118,10360.7072,2475.092548,17.02428571
2/26/2017,16.31442196,1.427540686,14.06750794,22.61525108,43.11062057,3224.461943,53.47831218,100.9597511,45.71692037,1704.485593,57038.28275,6709.738614,10283.51135,2473.189276,16.97285714
3/5/2017,16.23780163,1.425421002,14.0533713,22.53138111,43.1173755,3219.788617,53.49521479,100.9171463,45.78720079,1704.367818,56690.84315,6718.417895,10209.29228,2471.172981,16.65
3/12/2017,16.16253641,1.423400149,14.04047638,22.44820325,43.12396203,3214.887485,53.51239966,100.8775586,45.86116509,1704.284908,56357.24622,6727.232219,10138.18149,2469.071511,16.28642857
3/19/2017,16.08867187,1.421470663,14.02885593,22.36580804,43.13045821,3209.800595,53.52991858,100.8404142,45.93884614,1704.245243,56037.95567,6736.186754,10070.27054,2466.916501,15.85357143
3/26/2017,16.01622316,1.419629626,14.01854906,22.284272,43.13694972,3204.569495,53.54784637,100.8052898,46.02028225,1704.258744,55733.20575,6745.29415,10005.6168,2464.741447,15.97571429
4/2/2017,15.94516588,1.417878561,14.00959217,22.20365283,43.14352824,3199.235033,53.56627125,100.7718771,46.10551425,1704.336681,55443.1598,6754.559366,9944.265995,2462.576863,16.00142857
4/9/2017,15.87542683,1.416222628,14.00201352,22.12398148,43.15028069,3193.83779,53.58529112,100.7399502,46.19457863,1704.491481,55167.9052,6763.977137,9886.243843,2460.449439,15.85285714
4/16/2017,15.80687919,1.414669292,13.99582963,22.04525384,43.15728034,3188.417622,53.60501033,100.7093342,46.28750697,1704.736758,54907.42424,6773.530812,9831.547511,2458.381304,15.67857143
4/23/2017,15.73934411,1.413227883,13.99104777,21.96742658,43.16457068,3183.012481,53.62554122,100.6798933,46.38432492,1705.086875,54661.55697,6783.193438,9780.137128,2456.389597,15.3
4/30/2017,15.67260654,1.411908431,13.98766913,21.89042257,43.17215694,3177.65722,53.64700595,100.6515155,46.48505161,1705.556033,54429.9576,6792.932032,9731.927539,2454.485984,14.94428571
5/7/2017,15.60643527,1.41072059,13.98569058,21.81413991,43.1800096,3172.382887,53.66953877,100.6241176,46.58969816,1706.157595,54212.05325,6802.707281,9686.784842,2452.675767,14.80714286
5/14/2017,15.54059589,1.409674005,13.98510241,21.7384607,43.18807262,3167.216712,53.6932797,100.597678,46.69826312,1706.903433,54007.05795,6812.475745,9644.530463,2450.95845,14.35
5/21/2017,15.47485735,1.408778797,13.98588414,21.66325303,43.19627306,3162.181616,53.71836382,100.572253,46.81072669,1707.803555,53813.95985,6822.192385,9604.938018,2449.32821,13.97428571
5/28/2017,15.40899723,1.408045912,13.98800172,21.58837287,43.20452728,3157.295524,53.74491985,100.5479709,46.92705017,1708.865909,53631.49014,6831.811374,9567.725699,2447.773723,13.66
6/4/2017,15.34280796,1.407487128,13.99140695,21.51366761,43.21274354,3152.571108,53.77306612,100.5250173,47.04717299,1710.096359,53458.18903,6841.2875,9532.570706,2446.278368,13.11928571
6/11/2017,15.2761084,1.407114762,13.99604257,21.43898753,43.22081641,3148.016573,53.80291187,100.5036178,47.17101499,1711.498574,53292.48705,6850.577529,9499.12654,2444.821398,13.26857143
6/18/2017,15.20875518,1.406941171,14.00184779,21.36419941,43.22862332,3143.636385,53.83455633,100.4840263,47.29848041,1713.074122,53132.79048,6859.641507,9467.040586,2443.379293,13.79428571
6/25/2017,15.14065228,1.406978863,14.00876238,21.2891995,43.23602912,3139.432081,53.8680833,100.4665377,47.42945842,1714.822629,52977.53334,6868.445453,9435.963624,2441.927593,13.75
7/2/2017,15.0717518,1.407241227,14.01672981,21.21392089,43.24290419,3135.403506,53.90355739,100.4515035,47.56382256,1716.742045,52825.197,6876.966662,9405.54975,2440.445236,13.91428571
7/9/2017,15.00204695,1.407743422,14.02570145,21.13833332,43.24913465,3131.54997,53.94102587,100.439331,47.70142794,1718.828752,52674.34109,6885.190166,9375.46318,2438.913955,14.00142857
7/16/2017,14.93156713,1.408502071,14.03563602,21.0624403,43.25462824,3127.8704,53.98051724,100.430462,47.842107,1721.077551,52523.63068,6893.10469,9345.387591,2437.317554,14.05857143
7/23/2017,14.86037421,1.409533454,14.04649848,20.98627303,43.25931352,3124.363678,54.02203977,100.4253329,47.98567243,1723.481663,52371.86407,6900.702511,9315.035202,2435.641881,13.94142857
7/30/2017,14.78855745,1.410851371,14.05825856,20.9098834,43.26314353,3121.029052,54.06558174,100.4243458,48.13192351,1726.032442,52217.96208,6907.993927,9284.146261,2433.878005,13.89285714
8/6/2017,14.71622983,1.412465528,14.07089153,20.83334034,43.26608666,3117.86641,54.11111371,100.4278555,48.28064847,1728.719432,52060.96328,6915.01654,9252.488929,2432.024685,14.20142857
8/13/2017,14.64353033,1.414381471,14.08437737,20.75673122,43.26812353,3114.876404,54.15859112,100.4361623,48.4316278,1731.530547,51900.07405,6921.831295,9219.871642,2430.087547,14.55428571
8/20/2017,14.57062368,1.416600854,14.09869746,20.68016174,43.26924094,3112.060557,54.20795694,100.4495135,48.58463468,1734.452445,51734.7381,6928.515084,9186.160326,2428.077496,14.48571429
8/27/2017,14.49770716,1.419122191,14.11383457,20.60376127,43.26943344,3109.421479,54.25914204,100.4681022,48.73944132,1737.471215,51564.69702,6935.146275,9151.29312,2426.007436,14.70285714
9/3/2017,14.42501346,1.421941617,14.12977082,20.52768774,43.2687053,3106.963235,54.31206542,100.4920703,48.89582039,1740.573014,51390.02212,6941.766713,9115.288044,2423.883898,14.71285714
9/10/2017,14.35280474,1.425053809,14.14648693,20.45213011,43.26706586,3104.691961,54.36663729,100.5215175,49.05355618,1743.744595,51211.10362,6948.38104,9078.2402,2421.707124,14.82428571
9/17/2017,14.28136431,1.428452412,14.16395919,20.37730302,43.26454168,3102.616504,54.42276126,100.5565177,49.21244508,1746.973613,51028.61914,6954.96664,9040.31324,2419.473559,14.67714286
9/24/2017,14.21098226,1.432130292,14.1821586,20.30343541,43.26118285,3100.748532,54.48033688,100.5971348,49.37229408,1750.248199,50843.51829,6961.484905,9001.733999,2417.178273,14.56142857
10/1/2017,14.14194463,1.436078928,14.20105097,20.23075783,43.25705965,3099.102368,54.53925956,100.643411,49.53292118,1753.556421,50656.98587,6967.897625,8962.778543,2414.817555,14.38857143
10/8/2017,14.07453218,1.440286452,14.22059709,20.15949243,43.25226476,3097.694399,54.59941538,100.6953577,49.69415276,1756.885948,50470.38972,6974.16943,8923.757464,2412.388903,14.34285714
10/15/2017,14.00901526,1.444736642,14.24075393,20.08984809,43.24691332,3096.542298,54.66068521,100.7529664,49.85582484,1760.224182,50285.22885,6980.268366,8885.002501,2409.890952,14.24857143
10/22/2017,13.9456465,1.449407918,14.26147648,20.02201976,43.24114461,3095.664029,54.72294456,100.8162052,50.01777969,1763.558765,50103.09737,6986.167368,8846.857733,2407.323774,14.19285714
10/29/2017,13.88466043,1.454273131,14.28271904,19.95619233,43.23512235,3095.077472,54.78607139,100.8850163,50.17986668,1766.877976,49925.63525,6991.846911,8809.669126,2404.689692,14.30285714
11/5/2017,13.82627676,1.45930011,14.30443631,19.89253981,43.22903355,3094.800817,54.84995741,100.9593005,50.34194691,1770.171108,49754.40379,6997.299413,8773.765356,2401.994098,14.25571429
11/12/2017,13.77069311,1.464451863,14.32658145,19.83121637,43.22307706,3094.85315,54.91450851,101.0388772,50.50389476,1773.428879,49590.83037,7002.5292,8739.447992,2399.245399,14.26428571
11/19/2017,13.71807101,1.469687278,14.34910353,19.77234118,43.21745011,3095.254954,54.97964273,101.1234577,50.6655959,1776.643783,49436.16569,7007.550003,8706.983434,2396.454337,14.29428571
11/26/2017,13.66851524,1.474961596,14.37194259,19.71597838,43.21234962,3096.027039,55.04528899,101.2126305,50.82695147,1779.810213,49291.43594,7012.38168,8676.589288,2393.632912,14.36
12/3/2017,13.6220467,1.480226715,14.39502874,19.66213106,43.20797296,3097.188527,55.1113853,101.3058532,50.98788369,1782.924596,49157.37642,7017.043439,8648.408424,2390.792209,14.58
12/10/2017,13.57862051,1.485432104,14.41827965,19.61074986,43.20451481,3098.754469,55.1778846,101.4024607,51.14834393,1785.985624,49034.42504,7021.556768,8622.513257,2387.944311,14.99571429
12/17/2017,13.53814063,1.490525765,14.44160074,19.56174358,43.20215817,3100.733783,55.24475412,101.501681,51.30831705,1788.994415,48922.69482,7025.948953,8598.905468,2385.104407,15.05428571
12/24/2017,13.50046695,1.495455565,14.4648895,19.51499533,43.20106019,3103.128934,55.31197412,101.6026705,51.46781943,1791.95461,48821.95663,7030.249741,8577.514943,2382.289771,15.01857143
12/31/2017,13.46543299,1.500172415,14.48804987,19.47038342,43.20133084,3105.938442,55.37953777,101.7046006,51.626887,1794.871741,48731.67731,7034.472924,8558.204044,2379.51139,14.98857143
1/7/2018,13.43284893,1.50463196,14.51099811,19.42778143,43.20302945,3109.157175,55.44745081,101.8067203,51.78556754,1797.752682,48650.97816,7038.623915,8540.755851,2376.77491,15.07142857
1/14/2018,13.40250086,1.508794792,14.53366593,19.38705637,43.20617413,3112.775023,55.51573367,101.9084037,51.94391451,1800.605391,48578.63316,7042.696286,8524.87822,2374.080254,15.26571429
1/21/2018,13.37415339,1.51262734,14.55600403,19.34807449,43.21075275,3116.776204,55.58442796,102.0091812,52.10199299,1803.438551,48513.11052,7046.681,8510.220278,2371.424232,15.15714286
1/28/2018,13.34755556,1.516103757,14.57799379,19.31070615,43.21674105,3121.139416,55.65360539,102.1087525,52.25987723,1806.261297,48452.68229,7050.575062,8496.395645,2368.804746,14.99428571
2/4/2018,13.32244584,1.519206573,14.59964423,19.27481857,43.22410019,3125.838358,55.72336427,102.2069431,52.41764617,1809.082787,48395.74362,7054.378604,8483.033201,2366.225177,14.61142857
2/11/2018,13.29855444,1.521925492,14.62097395,19.24025648,43.2327797,3130.841505,55.79380239,102.3036465,52.57537356,1811.911655,48340.92255,7058.092423,8469.797328,2363.69318,13.80714286
2/18/2018,13.27559449,1.524255133,14.64200088,19.20683218,43.24270248,3136.112172,55.86500272,102.3988023,52.73312487,1814.755111,48287.14889,7061.712899,8456.401351,2361.217287,13.32857143
2/25/2018,13.25326586,1.526192959,14.66273854,19.17432684,43.25376315,3141.608938,55.93703617,102.4923978,52.89095521,1817.618319,48233.65316,7065.221972,8442.612064,2358.801993,13.42142857
3/4/2018,13.23127348,1.527737121,14.68319836,19.14250077,43.26584017,3147.286276,56.00997148,102.5844881,53.04891214,1820.504438,48179.75322,7068.556347,8428.225066,2356.436672,12.05285714
3/11/2018,13.20934269,1.52888802,14.70339837,19.11110989,43.27878833,3153.09569,56.08389443,102.6751897,53.20705109,1823.414586,48124.83155,7071.606912,8413.066085,2354.094033,11.59142857
3/18/2018,13.18722475,1.52964967,14.72335847,19.07991212,43.29242859,3158.987085,56.15888175,102.764631,53.36542087,1826.34765,48068.33842,7074.229009,8396.990237,2351.732685,11.30714286
3/25/2018,13.16469891,1.530030127,14.74309766,19.04867504,43.30655905,3164.909523,56.23499324,102.8529305,53.524049,1829.300504,48009.77729,7076.25662,8379.87324,2349.301081,10.72
4/1/2018,13.14159263,1.530041736,14.76263864,19.01719819,43.32097221,3170.811512,56.31227222,102.9402143,53.68293461,1832.268108,47948.56982,7077.532654,8361.571452,2346.746494,10.70142857
4/8/2018,13.11780494,1.529699997,14.78200887,18.98533309,43.33547059,3176.640784,56.39074456,103.0266412,53.84204051,1835.2437,47884.01917,7077.917233,8341.912191,2344.01779,10.83714286
4/15/2018,13.09332433,1.529023412,14.80124116,18.95300366,43.34987446,3182.344206,56.47041504,103.1124281,54.00128742,1838.218929,47815.39648,7077.290162,8320.715912,2341.06689,10.63428571
4/22/2018,13.06822767,1.52803381,14.82037131,18.9202168,43.36402609,3187.869122,56.5512643,103.1978665,54.16056002,1841.184412,47742.01715,7075.55323,8297.814583,2337.850117,10.57142857
4/29/2018,13.04267229,1.526756555,14.83943226,18.88705679,43.37779286,3193.164608,56.63324535,103.2833264,54.31970947,1844.130584,47663.27902,7072.628087,8273.06142,2334.328215,10.49285714
5/6/2018,13.01688959,1.525220267,14.85845297,18.8536813,43.39105451,3198.182355,56.71628609,103.3692544,54.47856175,1847.047833,47578.7724,7068.456949,8246.360434,2330.466851,10.23142857
5/13/2018,12.99117427,1.523455617,14.87746281,18.8203172,43.40369523,3202.877899,56.80029398,103.4561484,54.63692919,1849.926733,47488.33627,7063.002745,8217.6792,2326.237745,10.23857143
5/20/2018,12.96586986,1.52149445,14.89649627,18.78725179,43.41560497,3207.211496,56.88516552,103.5445201,54.79462717,1852.758306,47392.09863,7056.248373,8187.056317,2321.620073,10.24071429
5/27/2018,12.94135249,1.51936982,14.91559671,18.75482314,43.4266881,3211.148828,56.97079217,103.6348678,54.95148556,1855.53408,47290.52879,7048.197159,8154.613955,2316.601956,10.69142857
6/3/2018,12.91800761,1.517116269,14.93481503,18.72340902,43.4368653,3214.661828,57.05706378,103.727673,55.10735279,1858.246049,47184.51153,7038.875851,8120.581659,2311.181918,11.31142857
6/10/2018,12.89622059,1.514770118,14.95420532,18.69341559,43.4460642,3217.727893,57.14386913,103.8234159,55.2620949,1860.886608,47075.28613,7028.332783,8085.283491,2305.368412,11.28571429
6/17/2018,12.87638178,1.512368986,14.97382194,18.66527212,43.45421012,3220.32965,57.23109482,103.922589,55.41559155,1863.448331,46964.36136,7016.632989,8049.11933,2299.178419,11.49285714
6/24/2018,12.85888426,1.509950664,14.99371979,18.63942348,43.46123294,3222.454978,57.3186297,104.0256843,55.56773899,1865.923991,46853.43456,7003.850137,8012.548704,2292.63508,11.48714286
7/1/2018,12.84411691,1.507551409,15.01395414,18.61632112,43.46706465,3224.096941,57.40637177,104.1331648,55.71845276,1868.30687,46744.30845,6990.045036,7976.079601,2285.759878,11.43
7/8/2018,12.83246215,1.505203732,15.03457553,18.59641711,43.47165589,3225.253827,57.49422825,104.2454314,55.86767338,1870.591219,46638.83554,6975.261807,7940.251154,2278.570521,11.62
7/15/2018,12.8242873,1.502934296,15.05562895,18.58015332,43.47497708,3225.929085,57.58211885,104.3628019,56.01537327,1872.772571,46538.90753,6959.525162,7905.624758,2271.080578,12.38714286
7/22/2018,12.81993595,1.50076325,15.07715137,18.56795579,43.47700973,3226.131028,57.66997916,104.4855146,56.16155602,1874.848008,46446.45421,6942.837948,7872.778112,2263.299341,12.43
7/29/2018,12.819718,1.498705045,15.09916924,18.56022948,43.47774273,3225.872046,57.75775894,104.6137467,56.30625644,1876.816287,46363.44459,6925.17667,7842.302828,2255.231481,12.92857143
8/5/2018,12.82389828,1.4967704,15.12169789,18.5573487,43.47718122,3225.16787,57.8454206,104.7476501,56.44953859,1878.677533,46291.87174,6906.494261,7814.803717,2246.878734,13.36571429
8/12/2018,12.83269194,1.494967863,15.14474585,18.55965065,43.4753571,3224.036717,57.93293918,104.887383,56.5914916,1880.433141,46233.68804,6886.728309,7790.878787,2238.241649,13.75
8/19/2018,12.84626906,1.493304602,15.16832131,18.56743344,43.47234132,3222.498847,58.0203029,105.0330992,56.73222707,1882.085666,46190.71248,6865.815194,7771.091078,2229.322418,13.95142857
8/26/2018,12.8647602,1.49178502,15.19243365,18.58095281,43.46822659,3220.576172,58.1075146,105.1849112,56.87186289,1883.638473,46164.5851,6843.698076,7755.9576,2220.126731,13.71857143
9/2/2018,12.88825834,1.490408267,15.21709451,18.60042303,43.46311787,3218.292085,58.1945917,105.3428634,57.01051607,1885.095246,46156.83291,6820.333754,7745.978533,2210.66626,13.72857143
9/9/2018,12.91682885,1.489167992,15.24231797,18.6260265,43.45713829,3215.671301,58.28156575,105.5069249,57.14829928,1886.45958,46168.84823,6795.692039,7741.629542,2200.957799,14.36857143
9/16/2018,12.95053035,1.488052375,15.26812362,18.65793855,43.45042046,3212.739973,58.36848816,105.6769906,57.28532741,1887.735093,46201.83124,6769.751084,7743.342765,2191.021203,14.56714286
9/23/2018,12.9894325,1.48704485,15.29454029,18.69635854,43.44309983,3209.525873,58.45543642,105.8528658,57.42172738,1888.9263,46256.75564,6742.494116,7751.494799,2180.878172,14.40571429
9/30/2018,13.03362749,1.486125396,15.32160873,18.74153131,43.43531535,3206.058503,58.54251967,106.0342473,57.55764709,1890.039506,46334.3955,6713.905131,7766.410312,2170.552315,14.23714286
10/7/2018,13.08322905,1.485272688,15.34938351,18.7937525,43.4271984,3202.369163,58.62988592,106.2207249,57.69325541,1891.082997,46435.33244,6683.967243,7788.358212,2160.068298,14.12571429
10/14/2018,13.13836739,1.484466577,15.37793201,18.8533603,43.41887205,3198.490209,58.71771995,106.4117957,57.82873789,1892.066849,46559.94405,6652.661892,7817.547652,2149.450708,14.20285714
10/21/2018,13.19918436,1.483689652,15.40733089,18.92071572,43.41045312,3194.454013,58.8062377,106.6068956,57.96429863,1893.002897,46708.39734,6619.966782,7854.126676,2138.722816,14.03571429
10/28/2018,13.26582815,1.482928184,15.43765936,18.99617882,43.40204754,3190.292008,58.89567575,106.8054147,58.10015694,1893.904673,46880.67069,6585.854844,7898.188402,2127.905785,14.03571429
11/4/2018,13.33845398,1.482171698,15.46899616,19.08010433,43.39374513,3186.033572,58.98627625,107.0067067,58.23654104,1894.78707,47076.6899,6550.296059,7949.80284,2117.019037,11.76428571
11/11/2018,13.41724029,1.481412643,15.50142169,19.17287635,43.38562348,3181.705588,59.07828312,107.2101223,58.37367886,1895.665749,47296.33755,6513.260615,8009.018281,2106.080624,13.41857143
11/18/2018,13.50241641,1.48064584,15.53502061,19.27495588,43.37775263,3177.332179,59.17194252,107.4150514,58.51180088,1896.556511,47539.42923,6474.722746,8075.857413,2095.107947,13.74142857
11/25/2018,13.59427421,1.479868084,15.56988987,19.38691666,43.37018352,3172.934443,59.267504,107.6209624,58.65113425,1897.474614,47805.72698,6434.662276,8150.323638,2084.118037,13.60142857
12/2/2018,13.69316531,1.479077587,15.60613762,19.50942974,43.36293899,3168.530639,59.36522356,107.8274167,58.79189815,1898.434113,48095.04475,6393.061525,8232.436167,2073.127201,13.65142857
12/9/2018,13.79945585,1.478273362,15.64388204,19.64319459,43.35601239,3164.136612,59.46535735,108.034056,58.9343009,1899.447324,48407.23396,6349.903131,8322.22668,2062.149302,13.94428571
12/16/2018,13.91347362,1.477454379,15.68324335,19.78886087,43.34937878,3159.766226,59.56816133,108.2405653,59.07853488,1900.524648,48742.15978,6305.168464,8419.731851,2051.194444,13.92714286
12/23/2018,14.03547554,1.476619153,15.72433238,19.94695958,43.34300217,3155.4313,59.67388603,108.4466495,59.22477205,1901.674359,49099.73375,6258.848873,8525.004894,2040.272428,13.74
12/30/2018,14.16563944,1.475766725,15.76724288,20.11788462,43.33683769,3151.14274,59.78276352,108.6520434,59.37315495,1902.902332,49480.00381,6210.976727,8638.145637,2029.405638,13.69
1/6/2019,14.30406647,1.47489804,15.81204358,20.30190198,43.33083571,3146.910683,59.89500082,108.8565468,59.5237904,1904.211969,49882.98113,6161.580162,8759.236795,2018.617825,13.76714286
1/13/2019,14.45078764,1.474018491,15.85877259,20.49915311,43.32493273,3142.744718,60.01077648,109.0600565,59.67674916,1905.604004,50308.58235,6110.666397,8888.320844,2007.928336,13.57857143
1/20/2019,14.60577534,1.473136545,15.90743569,20.70965915,43.31905461,3138.653935,60.13023389,109.2625486,59.83204689,1907.076963,50756.60732,6058.222144,9025.393231,1997.349701,12.87571429
1/27/2019,14.76895949,1.472260743,15.95799852,20.93333572,43.31310313,3134.646387,60.25347398,109.4640358,59.98962912,1908.627539,51226.75311,6004.221562,9170.416108,1986.886764,12.02571429
2/3/2019,14.94024533,1.471396929,16.01038489,21.17001375,43.30695245,3130.728075,60.3805516,109.664531,60.14936717,1910.250605,51718.63016,5948.661769,9323.372151,1976.53878,12.02714286
2/10/2019,15.11953625,1.470548656,16.06448688,21.41947393,43.30046368,3126.902047,60.5114865,109.8640968,60.31106536,1911.939252,52231.74011,5891.571608,9484.262395,1966.301846,12.16428571
2/17/2019,15.30674558,1.469720331,16.12018004,21.68147946,43.29348775,3123.166875,60.64628355,110.0629291,60.47448293,1913.68415,52765.45113,5833.017757,9653.087503,1956.173421,12.47
2/24/2019,15.50180934,1.468922681,16.17733024,21.95580128,43.28586902,3119.515527,60.78492734,110.2613841,60.63934981,1915.473007,53318.97213,5773.10629,9829.823878,1946.156027,11.97714286
3/3/2019,15.70468687,1.46817907,16.23579125,22.2422354,43.27745367,3115.936623,60.92737937,110.4599304,60.80537439,1917.290877,53891.38795,5711.979328,10014.39427,1936.260758,11.81142857
3/10/2019,15.91536433,1.467521628,16.29539847,22.54060671,43.26810546,3112.416413,61.0735623,110.6590938,60.97223771,1919.121092,54481.77442,5649.803379,10206.69213,1926.504258,12.71714286
3/17/2019,16.13385112,1.46698608,16.35596285,22.85076158,43.25770403,3108.939918,61.223366,110.859423,61.13959715,1920.946745,55089.28993,5586.76026,10406.60599,1916.907234,14.25142857
3/24/2019,16.36016421,1.466609611,16.41727344,23.17255781,43.24613682,3105.4923,61.37665484,111.0614794,61.30709832,1922.751931,55713.32311,5523.042657,10614.05827,1907.494452,14.56857143
3/31/2019,16.59431559,1.466429831,16.47910336,23.50585454,43.2332964,3102.059771,61.53327568,111.2658067,61.47438766,1924.522254,56353.73882,5458.849647,10829.078,1898.293434,14.49142857
4/7/2019,16.83629779,1.46648313,16.54121762,23.85049693,43.2190846,3098.630146,61.69306582,111.4728914,61.64112754,1926.244728,57010.70524,5394.379078,11051.75971,1889.33188,14.61285714
4/14/2019,17.08607391,1.466803081,16.60338013,24.2063026,43.20341312,3095.195019,61.85585966,111.6831443,61.80700819,1927.907678,57684.59993,5329.82333,11282.23872,1880.636904,14.52571429
4/21/2019,17.3435704,1.467418406,16.66535842,24.5730472,43.18620734,3091.75133,62.02148453,111.8968799,61.97174576,1929.500873,58375.97335,5265.364663,11520.6795,1872.234691,14.45
4/28/2019,17.60866569,1.468351372,16.72692576,24.95045548,43.16741965,3088.30261,62.18976167,112.114306,62.13507969,1931.015764,59085.50185,5201.170212,11767.25755,1864.149852,14.75
5/5/2019,17.88117973,1.469617497,16.78786313,25.33819167,43.14704584,3084.860149,62.36050501,112.3355241,62.29676722,1932.445829,59813.9235,5137.390576,12022.12503,1856.405004,14.91428571
5/12/2019,18.16087617,1.471225438,16.84796254,25.73585933,43.12512348,3081.443289,62.53352621,112.5605354,62.45658099,1933.787158,60561.98297,5074.155345,12285.40068,1849.01891,14.89428571
5/19/2019,18.44746738,1.473176525,16.90702913,26.14300468,43.10171543,3078.078342,62.70864178,112.7892607,62.61431055,1935.03855,61330.35275,5011.566401,12557.15958,1842.003624,14.93142857
5/26/2019,18.74061979,1.475465206,16.96488102,26.55911889,43.07690702,3074.796915,62.88566926,113.0215616,62.76976299,1936.201479,62119.59086,4949.694227,12837.42701,1835.363211,14.92857143
6/2/2019,19.03997298,1.478080017,17.02135095,26.98364138,43.05081233,3071.634027,63.06442574,113.2572449,62.92277142,1937.280322,62930.08841,4888.583513,13126.15635,1829.096319,15.10857143
6/9/2019,19.34513573,1.48100508,17.07628727,27.41595819,43.02357354,3068.626302,63.24473065,113.4960539,63.07319898,1938.282513,63762.0631,4828.254523,13423.22949,1823.196482,15.68857143
6/16/2019,19.655669,1.484221053,17.12954978,27.85539252,42.99536503,3065.80981,63.42640634,113.737664,63.22094051,1939.218322,64615.59212,4768.704984,13728.46707,1817.652588,15.89428571
6/23/2019,19.97107951,1.48770534,17.18100724,28.30120074,42.96637657,3063.218476,63.60928244,113.9816715,63.36592658,1940.100038,65490.63958,4709.91499,14041.63784,1812.450076,16.17142857
6/30/2019,20.29084015,1.491432057,17.23053556,28.75258356,42.93680365,3060.882996,63.79319607,114.2275869,63.50812798,1940.941094,66387.0815,4651.870606,14362.46219,1807.576444,16.12142857
7/7/2019,20.61441635,1.495372303,17.27802426,29.20870838,42.90684281,3058.830454,63.97799357,114.4748486,63.64755574,1941.755353,67304.73077,4594.574246,14690.61831,1803.024018,15.94142857
7/14/2019,20.94129296,1.499495223,17.32337952,29.66874046,42.87668486,3057.084409,64.16353389,114.7228522,63.78426056,1942.556726,68243.28905,4538.053586,15025.73679,1798.7918,16.57142857
7/21/2019,21.27099634,1.503770073,17.36652618,30.13187623,42.84650952,3055.664547,64.34969332,114.9709875,63.9183372,1943.358912,69202.27637,4482.37186,15367.38854,1794.887229,17.26428571
7/28/2019,21.60311002,1.508168344,17.40741007,30.59737106,42.81647651,3054.586795,64.53636758,115.2186528,64.04991613,1944.175573,70181.01285,4427.627188,15715.08285,1791.326023,17.43857143
8/4/2019,21.9372757,1.512664506,17.44599761,31.06455043,42.78672154,3053.863406,64.7234722,115.4652385,64.17916044,1945.02063,71178.71142,4373.921786,16068.28394,1788.125834,17.67428571
8/11/2019,22.27319128,1.517235685,17.48226989,31.53282075,42.75734403,3053.503447,64.91094593,115.7101122,64.3062689,1945.908297,72194.48882,4321.348819,16426.41863,1785.303155,18.54285714
8/18/2019,22.61060065,1.521861092,17.51622018,32.00166913,42.72839979,3053.512916,65.09875008,115.9526168,64.43148086,1946.852942,73227.34765,4269.984875,16788.87684,1782.871044,20.26428571
8/25/2019,22.94926721,1.526523281,17.5478519,32.47064934,42.69990717,3053.894806,65.28687054,116.1920907,64.55507966,1947.869154,74276.12983,4219.886313,17155.00388,1780.837322,22.03714286
9/1/2019,23.28895689,1.531210827,17.57717963,32.93935693,42.67184757,3054.648924,65.47531503,116.4278697,64.67739093,1948.97211,75339.39338,4171.096818,17524.06532,1779.203237,23.64428571
9/8/2019,23.62943051,1.535917636,17.60422791,33.40740587,42.64417321,3055.771103,65.66410685,116.6592808,64.79876835,1950.177618,76415.44927,4123.651547,17895.25863,1777.964622,24.44142857
9/15/2019,23.97043192,1.540642784,17.62903026,33.87440916,42.61680701,3057.252056,65.85327602,116.8856692,64.91957366,1951.501463,77502.43697,4077.576915,18267.73905,1777.112407,24.90857143
9/22/2019,24.31168537,1.545389615,17.65162866,34.33996719,42.5896506,3059.076366,66.04285022,117.1064535,65.04015705,1952.958914,78598.397,4032.888675,18640.64426,1776.632936,25.23
9/29/2019,24.65289833,1.550165343,17.6720705,34.80366594,42.56259547,3061.222349,66.232853,117.3211884,65.16083459,1954.564116,79701.36853,3989.592111,19013.13021,1776.508994,25.56571429
10/6/2019,24.99376334,1.554980524,17.69040893,35.26507884,42.53553805,3063.66294,66.42330364,117.5295858,65.28188086,1956.329629,80809.52179,3947.692698,19384.42965,1776.723758,25.90714286
10/13/2019,25.33395956,1.559847634,17.70670021,35.72376381,42.50837761,3066.367711,66.61421202,117.7314956,65.40352392,1958.266034,81921.18122,3907.198255,19753.86324,1777.26219,28.11571429
10/20/2019,25.67314678,1.564780843,17.72100033,36.17925254,42.48100884,3069.30539,66.80557736,117.9268867,65.52593661,1960.38168,83034.80482,3868.119337,20120.83363,1778.111842,30.70714286
10/27/2019,26.01094155,1.569795714,17.73336229,36.63102399,42.45332567,3072.444988,66.99738545,118.1158315,65.64922547,1962.68254,84148.95155,3830.466299,20484.81792,1779.262217,33.29
11/3/2019,26.34687956,1.574908119,17.74383202,37.07847461,42.42523258,3075.755639,67.18959933,118.2984793,65.77342636,1965.172156,85262.16591,3794.237398,20845.33682,1780.699712,35.31857143
11/10/2019,26.68040433,1.580132092,17.75244077,37.52088564,42.39665346,3079.206753,67.38215888,118.4750211,65.89851115,1967.851749,86372.97882,3759.415256,21201.9506,1782.40665,34.89
11/17/2019,27.01085159,1.585476452,17.75920154,37.95739411,42.36753495,3082.768083,67.57497734,118.645643,66.02438912,1970.720678,87479.92413,3725.96666,21554.25817,1784.3615,32.81428571
11/24/2019,27.33745548,1.590943201,17.76410179,38.3869912,42.33784211,3086.410454,67.76793726,118.8104826,66.15090604,1973.777363,88581.54759,3693.846227,21901.90122,1786.54003,31.00857143
12/1/2019,27.6593743,1.596527697,17.76710461,38.80854702,42.30756501,3090.106122,67.96088991,118.9696214,66.2778482,1977.019943,89676.32382,3663.009097,22244.5566,1788.916888,30.14
12/8/2019,27.97573234,1.602221859,17.76815452,39.22086732,42.27672315,3093.829312,68.15366022,119.1231151,66.40494571,1980.446587,90762.57481,3633.408089,22581.90941,1791.462268,31.23
12/15/2019,28.28565953,1.608017521,17.76718571,39.62275541,42.24536207,3097.556541,68.34605251,119.2710237,66.53187697,1984.055369,91838.45459,3604.994962,22913.63889,1794.139629,31.30142857
12/22/2019,28.58832544,1.613908947,17.76413064,40.01307063,42.21354884,3101.266661,68.53785556,119.4134336,66.65828195,1987.844184,92901.97404,3577.726576,23239.41967,1796.905638,31.14
12/29/2019,28.88297354,1.619894936,17.75892882,40.39076892,42.18136941,3104.94107,68.72884579,119.5504871,66.78377219,1991.810984,93951.12204,3551.573501,23558.94647,1799.712324,31.24428571
1/5/2020,29.16895146,1.625980017,17.75152969,40.754934,42.1489137,3108.564535,68.91879258,119.6823983,66.90795023,1995.954161,94984.36307,3526.525857,23872.06347,1802.519208,32.01571429
1/12/2020,29.44571746,1.632173898,17.74189173,41.10479487,42.1162751,3112.125849,69.10745724,119.8094526,67.0304269,2000.272969,96000.70244,3502.598382,24178.768,1805.298191,33.35857143
1/19/2020,29.71283962,1.638491621,17.72998133,41.43972812,42.08354178,3115.617914,69.2945875,119.9320121,67.15084714,2004.767276,96999.60565,3479.833786,24479.16799,1808.036748,33.63285714
1/26/2020,29.96998402,1.64495336,17.71577085,41.75924558,42.05079772,3119.037759,69.47992503,120.0505073,67.26891125,2009.4373,97980.88803,3458.301978,24773.43755,1810.736795,33.87714286
2/2/2020,30.21691025,1.651582145,17.6992432,42.06298418,42.01814186,3122.387243,69.66321981,120.1654519,67.38439166,2014.284004,98944.46275,3438.071595,25061.73758,1813.399673,33.97857143
2/9/2020,30.4534666,1.658404909,17.68040232,42.35069751,41.98567997,3125.674916,69.84425668,120.2774321,67.49715054,2019.309755,99890.34571,3419.195228,25344.22282,1816.020695,34.26285714
2/16/2020,30.67957119,1.665453273,17.65927113,42.62223841,41.95352574,3128.919445,70.02285075,120.3870569,67.60713761,2024.519981,100818.7266,3401.700815,25621.07236,1818.587283,34.94285714
2/23/2020,30.89517414,1.672760817,17.63588963,42.87753015,41.92179824,3132.151136,70.1988454,120.4948959,67.71437985,2029.924368,101729.9954,3385.590289,25892.50146,1821.079839,35.14
3/1/2020,31.10022519,1.680358665,17.61031887,43.11653699,41.89063366,3135.40991,70.37210607,120.6014283,67.81896683,2035.536369,102624.6832,3370.854505,26158.73912,1823.477561,34.34142857
3/8/2020,31.29465134,1.688274015,17.58264556,43.33923925,41.86017398,3138.742131,70.54251559,120.7070305,67.92102798,2041.372209,103503.2167,3357.480149,26419.95115,1825.765493,34.06142857
3/15/2020,31.47835925,1.696529729,17.55299166,43.54563814,41.83059242,3142.197304,70.70998584,120.8120126,68.02072674,2047.449702,104365.7602,3345.448358,26676.19977,1827.934548,33.94
3/22/2020,31.65124237,1.705142191,17.52151796,43.73575234,41.80209211,3145.825261,70.87445181,120.9166104,68.11825935,2053.787137,105212.1576,3334.73061,26927.43441,1829.979662,33.65571429
3/29/2020,31.81317307,1.714116719,17.48841757,43.90958751,41.77488721,3149.674115,71.03587008,121.0209451,68.21385626,2060.40282,106041.8965,3325.28092,27173.48914,1831.896802,32.72857143
4/5/2020,31.96401799,1.723445238,17.4539032,44.06713634,41.74918463,3153.787801,71.19421491,121.1250193,68.30777849,2067.314934,106854.5121,3317.037778,27414.20268,1833.681753,32.04285714
4/12/2020,32.10364566,1.733106375,17.41819881,44.20838746,41.72517924,3158.203191,71.34947186,121.2287203,68.4003106,2074.540804,107649.6111,3309.926202,27649.42954,1835.329486,31.50857143
4/19/2020,32.23193073,1.743066397,17.38153259,44.33333432,41.70305672,3162.947355,71.50164201,121.3318081,68.49176096,2082.096328,108426.7683,3303.858942,27879.0184,1836.833306,31.39
4/26/2020,32.34875598,1.753280954,17.34413578,44.44198149,41.68299065,3168.035401,71.65074603,121.4339113,68.58246998,2089.995191,109185.4682,3298.740302,28102.80003,1838.185886,30.86285714
5/3/2020,32.45400477,1.763696961,17.3062376,44.53434645,41.66513685,3173.471032,71.79682366,121.5345377,68.67281008,2098.248436,109925.2092,3294.476596,28320.62089,1839.385149,32.07
5/10/2020,32.54755897,1.774255607,17.26805996,44.61045753,41.64962031,3179.248171,71.93993285,121.6331164,68.76317763,2106.863776,110645.5606,3290.982847,28532.35347,1840.436346,31.52714286
5/17/2020,32.62932465,1.78489645,17.22981651,44.67037647,41.63652797,3185.352352,72.08014808,121.7290437,68.85397492,2115.845065,111346.2017,3288.189115,28737.89939,1841.35309,29.23857143
5/24/2020,32.69925468,1.795559675,17.19171381,44.71422369,41.62590926,3191.762556,72.21756106,121.8217177,68.94559917,2125.192182,112026.8867,3286.041362,28937.17855,1842.156123,28.02428571
5/31/2020,32.7573503,1.806187469,17.15395561,44.74218857,41.61777279,3198.453829,72.35227919,121.910573,69.03843538,2134.901137,112687.2089,3284.483245,29130.08759,1842.864471,29.24571429
6/7/2020,32.80366599,1.816724233,17.1167452,44.75453566,41.61211328,3205.400381,72.4844208,121.995107,69.13284936,2144.964574,113326.5562,3283.454416,29316.48943,1843.493426,30.57142857
6/14/2020,32.83830574,1.827117149,17.08029084,44.75160151,41.60892061,3212.577954,72.61412463,122.0748801,69.22918823,2155.372607,113944.1298,3282.894335,29496.21427,1844.055061,31.81
6/21/2020,32.86142142,1.837316138,17.04480096,44.73378953,41.60818742,3219.965304,72.74154537,122.1495175,69.32777321,2166.114248,114538.9615,3282.746801,29669.06008,1844.558911,33.35571429
6/28/2020,32.87319528,1.847273538,17.0104798,44.70155752,41.60992137,3227.54522,72.86684953,122.2187119,69.42889386,2177.178148,115109.975,3282.959776,29834.80496,1845.01272,34.29571429
7/5/2020,32.87380365,1.856945133,16.9775198,44.65539132,41.61412051,3235.304272,72.99021071,122.2822378,69.53280073,2188.552557,115656.0308,3283.482615,29993.23111,1845.425018,35.73285714
7/12/2020,32.86338671,1.866292056,16.94609925,44.59577612,41.62077093,3243.231774,73.1118033,122.3399663,69.63970168,2200.225246,116175.9688,3284.263189,30144.13451,1845.804297,37.4
7/19/2020,32.8420316,1.875281763,16.91638133,44.52316409,41.62986464,3251.318874,73.2317971,122.3918498,69.74975031,2212.183284,116668.6409,3285.243884,30287.32968,1846.156682,37.81857143
7/26/2020,32.80976503,1.883887093,16.88851184,44.43794499,41.6413977,3259.557362,73.35035555,122.437897,69.86303305,2224.412789,117132.9281,3286.355826,30422.65113,1846.481848,37.11857143
8/2/2020,32.76656699,1.892084138,16.86261658,44.34043076,41.65537963,3267.939251,73.46762785,122.4781417,69.97955997,2236.89859,117567.719,3287.511009,30549.95792,1846.765461,37.21857143
8/9/2020,32.71236666,1.899851181,16.83879729,44.23082421,41.67183792,3276.456158,73.5837364,122.5126173,70.09925467,2249.623601,117971.9497,3288.607385,30669.14659,1846.980732,37.56285714
8/16/2020,32.64705069,1.907168176,16.81712689,44.10921634,41.69081039,3285.0992,73.69877411,122.5413715,70.22194754,2262.56859,118344.683,3289.537071,30780.1722,1847.092464,36.99428571
8/23/2020,32.57048289,1.914017149,16.79765189,43.97561138,41.71234476,3293.858987,73.81280375,122.5644909,70.34738137,2275.711894,118685.1231,3290.197357,30883.04621,1847.061999,37.11428571
8/30/2020,32.4825174,1.920382744,16.78038995,43.82995408,41.73649869,3302.725871,73.9258616,122.5821252,70.47521823,2289.029391,118992.5685,3290.512793,30977.80163,1846.857973,37.15285714
9/6/2020,32.38299422,1.926252842,16.76532928,43.67213862,41.76331246,3311.690661,74.03796102,122.5945027,70.60504407,2302.494735,119266.429,3290.443446,31064.49218,1846.459998,36.87428571
9/13/2020,32.27173197,1.931619297,16.75243074,43.50200395,41.7928023,3320.745188,74.14909434,122.6019026,70.73638079,2316.079799,119506.2183,3289.982363,31143.19128,1845.857683,36.38
9/20/2020,32.14852063,1.936477857,16.74162817,43.3193221,41.82496819,3329.882538,74.25922972,122.6046045,70.86869857,2329.755231,119711.5003,3289.150829,31213.9758,1845.048534,35.42857143
9/27/2020,32.01311093,1.940827344,16.73282728,43.12377721,41.85979088,3339.09597,74.3683079,122.6028264,71.00142852,2343.491263,119881.8142,3287.992912,31276.90058,1844.035329,34.05285714
10/4/2020,31.86520928,1.94466764,16.72590275,42.9149569,41.89722209,3348.377697,74.47623983,122.5966829,71.13397148,2357.258377,120016.5523,3286.564399,31331.94731,1842.821855,33.49285714
10/11/2020,31.70450113,1.947999066,16.72069859,42.69238588,41.93718684,3357.718374,74.58291111,122.5862,71.26570417,2371.027719,120114.9891,3284.929374,31379.03171,1841.411449,32.52714286
10/18/2020,31.53069098,1.950822884,16.71703536,42.45559886,41.9795861,3367.107122,74.68818401,122.5713538,71.39599431,2384.771157,120176.3518,3283.160375,31418.02285,1839.806734,30.40571429
10/25/2020,31.34355292,1.95314247,16.7147223,42.20423347,42.02429773,3376.531461,74.79190288,122.5521249,71.52422053,2398.461221,120199.8853,3281.338811,31448.75903,1838.009535,29.72285714
11/1/2020,31.14298184,1.95496518,16.71356917,41.93809809,42.07116822,3385.977855,74.89390984,122.5285409,71.64979121,2412.070997,120185.0076,3279.557004,31471.08542,1836.022866,28.98428571
11/8/2020,30.92900729,1.956305788,16.71339919,41.65718915,42.12001097,3395.432137,74.99404595,122.5007114,71.77215855,2425.574264,120131.3692,3277.915848,31484.87178,1833.8504,29.66857143
11/15/2020,30.70179594,1.957191976,16.71405367,41.36168569,42.17061436,3404.879768,75.09215734,122.4688645,71.89082667,2438.945559,120038.8844,3276.522164,31490.01826,1831.495252,29.57142857
11/22/2020,30.46165063,1.957666711,16.71539512,41.05191972,42.22275668,3414.305155,75.1881016,122.4333855,72.00536317,2452.159915,119907.7675,3275.487404,31486.46392,1828.960643,29.56571429
11/29/2020,30.20901118,1.957788011,16.7173033,40.72836837,42.27620628,3423.692169,75.28175228,122.3948371,72.11540511,2465.19347,119738.5982,3274.922833,31474.20575,1826.254492,30.15571429
12/6/2020,29.94444672,1.957622848,16.7196716,40.39165662,42.3307249,3433.024518,75.37299924,122.3539373,72.22066126,2478.024314,119532.2296,3274.930523,31453.26326,1823.389424,32.53142857
12/13/2020,29.66864775,1.957242307,16.72240863,40.04255155,42.3860725,3442.285698,75.46174598,122.3115612,72.32091781,2490.633189,119289.7234,3275.597622,31423.65776,1820.382996,33.09
12/20/2020,29.38240472,1.95671746,16.72544023,39.68193582,42.44201833,3451.460138,75.54790848,122.2687052,72.41602633,2503.00388,119012.2253,3276.987842,31385.37116,1817.256225,33.64285714
12/27/2020,29.08658048,1.956115981,16.72870777,39.3107701,42.49833699,3460.534785,75.63141134,122.2264118,72.50588672,2515.123353,118700.8562,3279.137351,31338.31661,1814.030642,34.07428571
1/3/2021,28.78207178,1.955498766,16.73216825,38.9300533,42.55482235,3469.499551,75.71218084,122.1856681,72.59043531,2526.981757,118356.6035,3282.075705,31282.34165,1810.724212,35.63571429
1/10/2021,28.46978413,1.954916758,16.73579947,38.54079642,42.61129549,3478.347559,75.79014919,122.1473282,72.66963704,2538.572321,117980.3509,3285.829348,31217.25585,1807.350352,36.36857143
1/17/2021,28.15061344,1.954408518,16.73960406,38.14400393,42.66759327,3487.07416,75.8652607,122.1120655,72.74348191,2549.890822,117572.9595,3290.418127,31142.86915,1803.9184,35.98
1/24/2021,27.82543484,1.953999913,16.74361312,37.74066354,42.72356442,3495.67553,75.93748075,122.0803618,72.81198834,2560.934664,117135.2512,3295.852125,31058.99442,1800.435178,35.49285714
1/31/2021,27.4950911,1.953709153,16.74788432,37.33173716,42.77906375,3504.148205,76.00679555,122.0525074,72.87520462,2571.701682,116667.8468,3302.131423,30965.39206,1796.913022,34.24714286
2/7/2021,27.16038953,1.953545627,16.75249348,36.91814898,42.83395835,3512.488444,76.0731932,122.028602,72.93320309,2582.189185,116171.1545,3309.255584,30861.77033,1793.372018,32.32714286
2/14/2021,26.82210678,1.953507455,16.75752297,36.500779,42.88812049,3520.691125,76.13666129,122.0085801,72.98606718,2592.393707,115645.3242,3317.225127,30747.77801,1789.838332,31.20571429
2/21/2021,26.48100208,1.953581362,16.7630555,36.08046939,42.94142527,3528.750094,76.19718562,121.9922732,73.03388123,2602.311508,115090.3277,3326.039931,30623.03421,1786.341223,30.99142857
2/28/2021,26.13782311,1.953744522,16.76917075,35.65803296,42.99373219,3536.65902,76.25474675,121.9795053,73.07673032,2611.939167,114506.3891,3335.695693,30487.25757,1782.909945,28.54857143
3/7/2021,25.7933023,1.953968177,16.77593837,35.23425765,43.04490681,3544.411627,76.30934542,121.9701195,73.11472497,2621.273457,113893.9903,3346.177232,30340.28035,1779.567344,29.30714286
3/14/2021,25.44814832,1.954221129,16.78340956,34.80990107,43.09480394,3552.002905,76.36100031,121.963923,73.14800121,2630.311065,113253.8366,3357.459368,30182.04472,1776.329085,28.43571429
3/21/2021,25.10303577,1.954471478,16.79161291,34.3856805,43.14326845,3559.431584,76.40975738,121.9606581,73.1767214,2639.048662,112586.7182,3369.508037,30012.57163,1773.20379,27.82571429
3/28/2021,24.75860732,1.95468862,16.80055307,33.96228231,43.19016107,3566.702509,76.45567844,121.9600315,73.20105776,2647.482927,111893.361,3382.280867,29831.92402,1770.193886,26.75142857
4/4/2021,24.41546888,1.954846071,16.81021602,33.54036282,43.23537682,3573.831059,76.49883597,121.961767,73.22117898,2655.610681,111174.3554,3395.734606,29640.16847,1767.301232,25.26571429
4/11/2021,24.07418883,1.954923273,16.82057414,33.12055134,43.27884659,3580.846105,76.53932205,121.965652,73.23724722,2663.430006,110430.1814,3409.827474,29437.37615,1764.528062,22.93571429
4/18/2021,23.73529671,1.954906782,16.83159078,32.7034552,43.32052697,3587.790594,76.57725278,121.9715963,73.24941455,2670.940574,109661.2599,3424.519493,29223.63506,1761.876103,22.88142857
4/25/2021,23.39928144,1.954791918,16.84322712,32.28966382,43.36039781,3594.721811,76.61276533,121.9796651,73.25780729,2678.143787,108867.9778,3439.772012,28999.05788,1759.34557,23.35571429
5/2/2021,23.06660688,1.954583134,16.85544891,31.87974679,43.39845805,3601.70803,76.64601552,121.9900807,73.26252139,2685.043145,108050.6802,3455.543944,28763.77862,1756.932921,22.61142857
5/9/2021,22.73770948,1.954292795,16.86822762,31.47424611,43.43472576,3608.822319,76.6771729,122.003166,73.2636247,2691.64444,107209.6574,3471.791352,28517.94974,1754.630521,21.53857143
5/16/2021,22.4129704,1.953938259,16.88153545,31.07364704,43.46925602,3616.13838,76.70640255,122.0192697,73.26116228,2697.95594,106345.1495,3488.469389,28261.74508,1752.427735,19.45285714
5/23/2021,22.09269744,1.953538523,16.89534388,30.6783531,43.50213824,3623.726709,76.73386811,122.0387129,73.25515697,2703.987845,105457.331,3505.535278,27995.35896,1750.31211,18.80285714
5/30/2021,21.77712513,1.953109792,16.90961598,30.28868168,43.53348917,3631.651593,76.759736,122.0617366,73.24560015,2709.751718,104546.3577,3522.95678,27719.01497,1748.272879,18.22285714
6/6/2021,21.46642373,1.952662204,16.92430437,29.90486513,43.56343803,3639.96951,76.78417568,122.0884655,73.23244452,2715.259634,103612.4505,3540.709524,27432.97745,1746.300889,16.89428571
6/13/2021,21.16072033,1.952198235,16.93934821,29.52706317,43.59211977,3648.726977,76.80734866,122.1189036,73.21559961,2720.523281,102655.9119,3558.773598,27137.55491,1744.387501,15.44
6/20/2021,20.86012319,1.951714209,16.95467717,29.15538631,43.61966183,3657.959287,76.8294067,122.152957,73.19493385,2725.553036,101677.1503,3577.129816,26833.10616,1742.523209,14.21142857
6/27/2021,20.56473794,1.951202885,16.97021677,28.78992007,43.64616518,3667.690389,76.85047536,122.1904524,73.1702686,2730.357127,100676.7325,3595.755871,26520.05155,1740.696812,13.17
7/4/2021,20.27467504,1.950654079,16.98589412,28.43073287,43.67171265,3677.933822,76.87065371,122.2311308,73.14138854,2734.941781,99655.4509,3614.626075,26198.87714,1738.895058,15.68428571
7/11/2021,19.99006153,1.950053904,17.00163741,28.07788625,43.69637014,3688.694029,76.890019,122.2746432,73.10804832,2739.311279,98614.34803,3633.713514,25870.13625,1737.104244,16.18285714
7/18/2021,19.71104821,1.949383121,17.01737537,27.73144644,43.720182,3699.967645,76.90863043,122.3205626,73.06998415,2743.46812,97554.74784,3652.995219,25534.45649,1735.314229,15.87428571
7/25/2021,19.43781845,1.948617817,17.03303905,27.3915068,43.74317437,3711.74489,76.92653612,122.368424,73.02693604,2747.413309,96478.25316,3672.459806,25192.53802,1733.522377,15.86142857
8/1/2021,19.17061186,1.947733471,17.04856334,27.0582217,43.76535201,3724.010477,76.94377587,122.4177909,72.97866831,2751.147092,95386.62321,3692.128712,24845.1204,1731.741204,15.60285714
8/8/2021,18.90974859,1.946708239,17.06389042,26.7318511,43.78670589,3736.743778,76.96038876,122.4683034,72.92498676,2754.669882,94281.69456,3712.055741,24492.95371,1729.9976,15.61285714
8/15/2021,18.65561986,1.945526013,17.0789751,26.41277129,43.80721448,3749.919465,76.97641656,122.5197026,72.86575211,2757.982585,93165.33074,3732.31437,24136.77961,1728.327684,15.34571429
8/22/2021,18.4086742,1.944177813,17.09378746,26.10145295,43.82684558,3763.508537,76.99190347,122.5718376,72.80088487,2761.086769,92039.37788,3752.986012,23777.31284,1726.77205,15.1
8/29/2021,18.16939751,1.942662205,17.10831519,25.7984357,43.84555112,3777.479028,77.00689904,122.6246569,72.73036712,2763.984623,90905.70351,3774.142777,23415.25539,1725.368853,14.59571429
9/5/2021,17.93830246,1.940985525,17.1225644,25.50430655,43.86327594,3791.79653,77.02144842,122.6781877,72.65424565,2766.678967,89766.27487,3795.828338,23051.33652,1724.146881,14.18285714
9/12/2021,17.71593332,1.939161477,17.13655573,25.21969734,43.87995419,3806.425267,77.03558927,122.7325315,72.57263761,2769.173339,88623.19006,3818.060066,22686.31689,1723.126308,13.59285714
9/19/2021,17.50287558,1.937211938,17.15032075,24.94529373,43.89550271,3821.328903,77.04935353,122.7878965,72.48573486,2771.472009,87478.73786,3840.836561,22320.99697,1722.321476,12.71
9/26/2021,17.29976818,1.935168569,17.16390588,24.68185454,43.90982081,3836.469942,77.06277032,122.8446502,72.39380092,2773.579921,86335.41181,3864.141541,21956.21512,1721.742465,12.11142857
10/3/2021,17.10732178,1.933075452,17.17737285,24.43022868,43.92280436,3851.809496,77.07586406,122.9033659,72.29716854,2775.50266,85195.85459,3887.938775,21592.84373,1721.393785,11.16
10/10/2021,16.92630951,1.930988795,17.19080185,24.19135009,43.93435424,3867.309024,77.0886566,122.9648162,72.19623661,2777.246417,84062.80038,3912.17439,21231.76819,1721.274674,10.92857143
10/17/2021,16.75752993,1.928971801,17.20429084,23.96619728,43.94437411,3882.932395,77.10116933,123.0298934,72.09146306,2778.818206,82939.02666,3936.780619,20873.86529,1721.379826,12.16142857
10/24/2021,16.60176809,1.927087976,17.21794924,23.75573626,43.95275858,3898.648971,77.11341975,123.0994999,71.98335031,2780.226668,81827.30416,3961.68155,20519.98425,1721.701238,14.13285714
10/31/2021,16.4597575,1.925394428,17.23189138,23.56086771,43.95940609,3914.436477,77.12542094,123.1744618,71.8724283,2781.482715,80730.30183,3986.803611,20170.93549,1722.233056,16.08857143
11/7/2021,16.33216622,1.923937992,17.24623373,23.38240443,43.96422843,3930.281164,77.13719023,123.2554901,71.75923893,2782.599742,79650.46787,4012.076434,19827.46325,1722.971682,16.48
11/14/2021,16.21958396,1.922752918,17.26109386,23.22106156,43.96716356,3946.179135,77.14875488,123.3431498,71.64432582,2783.593619,78589.93521,4037.433833,19490.22064,1723.915667,17.38571429
11/21/2021,16.12249721,1.921859805,17.27658902,23.07744846,43.96818522,3962.137084,77.16014585,123.437829,71.52822479,2784.482174,77550.42029,4062.811816,19159.73979,1725.064007,17.77571429
11/28/2021,16.0412598,1.921264679,17.2928367,22.95204213,43.96729411,3978.170731,77.17138985,123.5396991,71.41145358,2785.284443,76533.19647,4088.137122,18836.41973,1726.410701,18.19571429
12/5/2021,15.97607712,1.920959466,17.30995163,22.84516876,43.96451294,3994.302653,77.18250583,123.6486964,71.29449891,2786.019844,75539.46317,4113.320505,18520.65119,1727.945131,18.06714286
12/12/2021,15.92699268,1.920921693,17.32803946,22.75698878,43.95987799,4010.560355,77.19350232,123.7645109,71.17780642,2786.70731,74570.47991,4138.25863,18212.86647,1729.654731,17.56571429
12/19/2021,15.89388984,1.921114507,17.34719088,22.68749524,43.95341689,4026.973137,77.20437647,123.8865977,71.06178527,2787.364356,73627.64609,4162.834665,17913.57084,1731.52706,16.59142857
12/26/2021,15.87649225,1.921487256,17.3674778,22.6365192,43.94515424,4043.567909,77.21512394,124.0142143,70.94682038,2788.006239,72712.51778,4186.922621,17623.34851,1733.551591,16.20428571
1/2/2022,15.87438175,1.921976781,17.38895408,22.60373379,43.93511753,4060.366622,77.22574333,124.1464829,70.83327689,2788.645334,71826.68132,4210.400816,17342.80569,1735.72048,16.36857143
1/9/2022,15.88702251,1.922511417,17.41165607,22.58866571,43.92333663,4077.384686,77.23623182,124.2824472,70.7214997,2789.290783,70971.67335,4233.154971,17072.54408,1738.026883,15.64857143
1/16/2022,15.91376033,1.923016685,17.43559803,22.59070672,43.90986371,4094.632656,77.2465914,124.421106,70.61181083,2789.949508,70148.94018,4255.079363,16813.15106,1740.462328,14.37857143
1/23/2022,15.95382303,1.923419624,17.46076756,22.6091144,43.89477116,4112.118843,77.25681629,124.5614338,70.5045002,2790.627682,69359.83665,4276.06508,16565.20194,1743.010019,14.46
1/30/2022,16.00633486,1.923649873,17.48712434,22.643017,43.87815617,4129.850282,77.26689214,124.7023829,70.39981407,2791.331601,68605.71708,4295.97847,16329.2878,1745.633967,14.16142857
2/6/2022,16.07031052,1.923642065,17.51459899,22.69142368,43.86012602,4147.832959,77.27679554,124.8429277,70.29793594,2792.068237,67887.7879,4314.695176,16105.9622,1748.29323,14.07857143
2/13/2022,16.14466966,1.923339496,17.54310193,22.75324947,43.84082174,4166.072304,77.28651004,124.9821598,70.19899586,2792.844994,67207.00828,4332.111203,15895.70454,1750.94751,13.34571429
2/20/2022,16.22826389,1.922697023,17.57253425,22.82733478,43.82041658,4184.574876,77.29602712,125.1193349,70.10307701,2793.66979,66563.97228,4348.143982,15698.88102,1753.558848,12.66
2/27/2022,16.31989129,1.92167948,17.60279369,22.91244443,43.79909771,4203.350923,77.30535626,125.253817,70.01022327,2794.551498,65958.69567,4362.729868,15515.68535,1756.091811,12.61714286
3/6/2022,16.41832016,1.920259172,17.6337756,23.0072727,43.77704807,4222.414581,77.31450905,125.384992,69.92042793,2795.500096,65390.90036,4375.831589,15346.20916,1758.518356,12.66
3/13/2022,16.52231434,1.918413219,17.66537588,23.11044958,43.75443348,4241.780417,77.32348637,125.5122245,69.83362909,2796.525855,64860.17546,4387.437592,15190.47935,1760.817785,12.37
3/20/2022,16.6306665,1.916123718,17.6974913,23.22057597,43.73140126,4261.459488,77.33227793,125.6348986,69.74970901,2797.639196,64366.05868,4397.557848,15048.47322,1762.974532,12.08857143
3/27/2022,16.74223565,1.913378938,17.73002095,23.33627533,43.70809557,4281.455451,77.34087269,125.7524728,69.66851411,2798.849932,63908.04328,4406.220818,14920.11602,1764.976672,12.17714286
4/3/2022,16.85595403,1.910172517,17.76286684,23.45622137,43.68465551,4301.761477,77.34926019,125.8644742,69.58987137,2800.166587,63485.42424,4413.471108,14805.24587,1766.815082,12.47
4/10/2022,16.97081557,1.906501748,17.79593222,23.57913802,43.66121267,4322.358246,77.35742493,125.9704745,69.51359142,2801.595923,63097.33082,4419.368927,14703.62245,1768.484234,12.61142857
4/17/2022,17.08588063,1.902367272,17.82911991,23.70380419,43.63790037,4343.212404,77.36534598,126.0700666,69.43947024,2803.142246,62742.81328,4423.990626,14614.94652,1769.983729,12.59857143
4/24/2022,17.20028863,1.89777243,17.86232767,23.82906612,43.61484832,4364.274963,77.37299951,126.1628571,69.36729434,2804.80734,62420.87883,4427.427292,14538.8685,1771.318042,13.97
5/1/2022,17.31325826,1.892723402,17.89544541,23.95384705,43.59217638,4385.481189,77.38036026,126.2484648,69.29684851,2806.589802,62130.33348,4429.776574,14474.95371,1772.490643,14.78
5/8/2022,17.42408842,1.887229407,17.92835788,24.07715646,43.56999189,4406.753285,77.38739744,126.326541,69.22792099,2808.484616,61869.78496,4431.138733,14422.68384,1773.502433,15.01142857
5/15/2022,17.53215807,1.881303778,17.96095175,24.19809239,43.54837159,4428.004313,77.39408234,126.3967884,69.16030907,2810.483235,61637.691,4431.614127,14381.46826,1774.351577,15.16571429
5/22/2022,17.63693223,1.874965051,17.99311719,24.31584556,43.52735847,4449.143073,77.40038298,126.4589758,69.093824,2812.574631,61432.42672,4431.302099,14350.66022,1775.034054,15.58142857
5/29/2022,17.73796601,1.868237144,18.02475093,24.42970388,43.50697689,4470.077395,77.40625715,126.5129614,69.02829695,2814.746222,61252.40288,4430.302722,14329.58642,1775.546012,15.71285714
6/5/2022,17.83489707,1.861149285,18.05575673,24.53905713,43.48722417,4490.714956,77.41165263,126.5587183,68.96359246,2816.984275,61096.10068,4428.721157,14317.56825,1775.887933,15.70428571
6/12/2022,17.92742974,1.853736273,18.08604556,24.64339739,43.46807559,4510.965067,77.41651542,126.5963514,68.89961393,2819.274313,60962.07386,4426.671148,14313.92942,1776.067659,15.73571429
6/19/2022,18.01531571,1.846039262,18.1155344,24.742312,43.44948299,4530.739278,77.42078414,126.6261031,68.83630094,2821.60087,60848.96532,4424.278485,14318.00507,1776.103685,16.23571429
6/26/2022,18.09835216,1.838107644,18.14414754,24.83548771,43.43134827,4549.951051,77.42436442,126.6483768,68.77361477,2823.947094,60755.53533,4421.677666,14329.1533,1776.025103,17.13857143
7/3/2022,18.17640096,1.829998562,18.17181816,24.92271852,43.41354453,4568.516376,77.42712669,126.6637322,68.7115356,2826.295059,60680.58992,4418.991132,14346.73874,1775.859409,19.30714286
7/10/2022,18.2493845,1.82177552,18.19848664,25.00388676,43.39593332,4586.354407,77.42891007,126.6728487,68.65006579,2828.626227,60622.9604,4416.317037,14370.13497,1775.62646,22.46
7/17/2022,18.31727483,1.813507493,18.22410047,25.07894432,43.37836123,4603.388327,77.42952806,126.6764876,68.58923217,2830.922038,60581.49678,4413.715717,14398.7317,1775.332864,22.60714286
7/24/2022,18.3800829,1.80526782,18.24861631,25.14789481,43.36066835,4619.546656,77.42877182,126.6754612,68.52908757,2833.164278,60555.0597,4411.203285,14431.93855,1774.969631,22.40571429
7/31/2022,18.43783685,1.797132327,18.27199964,25.21076981,43.34270012,4634.764509,77.42642034,126.6706121,68.46970182,2835.335399,60542.45439,4408.760642,14469.15311,1774.516456,21.35285714
8/7/2022,18.4905671,1.789177047,18.29422237,25.26760606,43.32430156,4648.985308,77.42224543,126.6628099,68.4111492,2837.418963,60542.47071,4406.347194,14509.77156,1773.946975,21.46714286
8/14/2022,18.53831536,1.781475683,18.31526032,25.31843727,43.30532248,4662.162171,77.41601139,126.6529296,68.35350102,2839.400199,60553.93191,4403.909668,14553.20874,1773.232099,21.27571429
8/21/2022,18.5811469,1.77409709,18.33509118,25.36330734,43.28563015,4674.258991,77.40747612,126.6418154,68.29682284,2841.266474,60575.77024,4401.390247,14598.92771,1772.343177,21.26714286
8/28/2022,18.61916121,1.767102545,18.35369583,25.40228335,43.26512184,4685.250484,77.39639242,126.6302434,68.24117274,2843.007659,60607.05358,4398.728162,14646.45528,1771.252754,21.88714286
9/4/2022,18.65249509,1.760542217,18.37105931,25.43546909,43.24373134,4695.122094,77.3825221,126.6188848,68.18660138,2844.616305,60646.7936,4395.870181,14695.30955,1769.937482,22.94142857
9/11/2022,18.68131535,1.754451646,18.38717132,25.4630048,43.22143684,4703.870403,77.36564616,126.6082789,68.1331456,2846.087802,60693.88626,4392.771777,14744.9837,1768.378301,23.06714286
9/18/2022,18.70579988,1.748849057,18.40202935,25.48505822,43.19825683,4711.503795,77.34556962,126.5987988,68.08082161,2847.420237,60747.09679,4389.39623,14794.94859,1766.559965,23.39857143
9/25/2022,18.72611372,1.743733199,18.4156365,25.50180664,43.17424974,4718.043625,77.3221223,126.5906118,68.02962673,2848.614032,60805.07305,4385.715042,14844.66139,1764.471106,23.96428571
10/2/2022,18.74237419,1.739081424,18.42800464,25.51340744,43.14950499,4723.52446,77.29516428,126.5836379,67.97953918,2849.671531,60866.39572,4381.713698,14893.57195,1762.10509,24.35142857
10/9/2022,18.75462038,1.734850885,18.43915155,25.51995953,43.12413272,4727.992513,77.26458427,126.5775352,67.93052092,2850.596847,60929.60619,4377.390655,14941.13318,1759.459726,25.49714286
10/16/2022,18.76280245,1.730985256,18.44909653,25.52147739,43.09826777,4731.503043,77.23029629,126.5717457,67.88251653,2851.395508,60993.22642,4372.753749,14986.81322,1756.536285,27.15285714
10/23/2022,18.76678303,1.727422952,18.45785913,25.51788113,43.0720832,4734.116666,77.19224021,126.5655793,67.83545287,2852.073461,61055.78648,4367.816054,15030.10882,1753.338209,28.11142857
10/30/2022,18.76635183,1.724105163,18.46545724,25.5090049,43.04577732,4735.89604,77.15038023,126.5582983,67.78923959,2852.636529,61115.83103,4362.589596,15070.54458,1749.867994,27.65571429
11/6/2022,18.76123046,1.720977228,18.47190195,25.4946088,43.01956215,4736.904388,77.1046992,126.549151,67.74376904,2853.090429,61171.95988,4357.087215,15107.67908,1746.12848,26.71714286
11/13/2022,18.75108518,1.717987554,18.47719692,25.47439613,42.9936493,4737.202352,77.05519257,126.537418,67.69891885,2853.440911,61222.89248,4351.323843,15141.1236,1742.124232,25.91428571
11/20/2022,18.7355484,1.715087197,18.48134058,25.44803305,42.96823912,4736.846009,77.00187358,126.5224427,67.65455043,2853.693998,61267.53897,4345.31759,15170.56363,1737.862793,25.44857143
11/27/2022,18.71424375,1.71223053,18.48432773,25.41516688,42.94352551,4735.886919,76.94477606,126.5036567,67.61050905,2853.855942,61305.01871,4339.089418,15195.76364,1733.354139,24.11571429
12/4/2022,18.6868035,1.709377182,18.48615213,25.37543346,42.91970892,4734.372293,76.88394997,126.4805925,67.56663237,2853.933051,61334.45686,4332.676022,15216.50248,1728.611736,23.25142857
12/11/2022,18.6528803,1.706494272,18.48680901,25.32846505,42.89700293,4732.345448,76.819462,126.4528775,67.52275615,2853.931677,61354.93913,4326.131689,15232.55638,1723.65124,22.95857143
12/18/2022,18.61215872,1.703558597,18.48629703,25.27390401,42.87563915,4729.846529,76.75139478,126.4202286,67.47871652,2853.858436,61365.51671,4319.526077,15243.69854,1718.488084,20.30857143
12/25/2022,18.56437778,1.700557463,18.48461863,25.21142473,42.85585679,4726.91383,76.67984646,126.382446,67.43434828,2853.720293,61365.21783,4312.939578,15249.70255,1713.136262,17.76142857
1/1/2023,18.50935006,1.697488936,18.48177913,25.14076088,42.83789532,4723.583936,76.6049304,126.3394214,67.38948754,2853.524352,61352.98797,4306.440348,15250.32853,1707.605516,18.03
1/8/2023,18.44697397,1.69436065,18.47778459,25.06172412,42.82198739,4719.891385,76.52677908,126.291141,67.34397867,2853.277263,61327.68216,4300.093746,15245.31854,1701.906172,15.84571429
1/15/2023,18.37725045,1.691187497,18.47264149,24.97421971,42.80834591,4715.867184,76.44553766,126.2376853,67.29767327,2852.984513,61288.07432,4293.974038,15234.39387,1696.054423,14.95142857
1/22/2023,18.30030097,1.687988885,18.46635969,24.87826737,42.79715897,4711.537249,76.36135816,126.1792181,67.25042292,2852.650081,61232.89799,4288.169125,15217.26124,1690.075262,14.89428571
1/29/2023,18.21636411,1.684785838,18.45895792,24.77401286,42.78856843,4706.920691,76.27438162,126.1160099,67.20207509,2852.276368,61160.95927,4282.799089,15193.641,1684.009153,15.47857143
2/5/2023,18.12580252,1.681599274,18.45046676,24.66173455,42.78268831,4702.027538,76.18475085,126.0484075,67.15249324,2851.863676,61071.24726,4277.984656,15163.29968,1677.899331,14.61714286
2/12/2023,18.02908948,1.678448591,18.44092666,24.54183622,42.77958538,4696.856291,76.09260182,125.9767299,67.1015506,2851.409702,60963.00235,4273.837938,15126.06845,1671.787336,14.60571429
2/19/2023,17.92678633,1.675349251,18.43038369,24.41483228,42.77927466,4691.391816,75.99807223,125.9011946,67.04913888,2850.90896,60835.74794,4270.459662,15081.85204,1665.71084,14.98857143
2/26/2023,17.81953363,1.672312758,18.41888488,24.28134569,42.78174806,4685.603788,75.90129278,125.8219312,66.99516655,2850.352301,60689.17586,4267.935202,15030.60062,1659.701772,15.75714286
3/5/2023,17.7080402,1.669347226,18.40647836,24.14210379,42.78698789,4679.449171,75.80238111,125.7390473,66.93955708,2849.727159,60523.05963,4266.333213,14972.29362,1653.78669,15.89428571
3/12/2023,17.59305797,1.666458194,18.39321209,23.99792808,42.79497566,4672.876967,75.70145307,125.6526873,66.88225662,2849.018858,60337.23762,4265.707706,14906.93634,1647.988106,15.70571429
3/19/2023,17.47535462,1.663648499,18.37913241,23.8497083,42.80569254,4665.832242,75.59861865,125.5630309,66.82323646,2848.211085,60131.65061,4266.101142,14834.56933,1642.326267,15.20285714
3/26/2023,17.35568332,1.660918493,18.36428706,23.69836424,42.8190968,4658.261566,75.4939766,125.4702705,66.76248246,2847.286433,59906.4354,4267.547265,14755.29163,1636.820432,15.09714286
4/2/2023,17.23477511,1.65826755,18.3487277,23.54482115,42.83511161,4650.115977,75.387617,125.3746291,66.69998675,2846.227203,59662.02316,4270.068959,14669.29007,1631.487698,14.62428571
4/9/2023,17.11334036,1.65569601,18.332509,23.38999824,42.85362033,4641.351407,75.27961977,125.2763708,66.63575047,2845.015286,59399.12641,4273.676395,14576.83657,1626.342061,14.34142857
4/16/2023,16.99206362,1.653206378,18.31568856,23.23479459,42.87447155,4631.930577,75.17003812,125.1757954,66.56978958,2843.632641,59118.70197,4278.365673,14478.27808,1621.39399,14.17428571
4/23/2023,16.87160514,1.650804036,18.29832999,23.08007672,42.89749014,4621.824308,75.05889376,125.0732417,66.50214005,2842.061433,58821.91526,4284.118747,14374.02653,1616.650671,14.00714286
4/30/2023,16.75259801,1.64849606,18.28050266,22.92667722,42.92248823,4611.013039,74.94618356,124.9690901,66.43285454,2840.28464,58510.13263,4290.90845,14264.55599,1612.119424,14.45285714
5/7/2023,16.63564393,1.646289743,18.26227851,22.77538967,42.94926899,4599.487769,74.83188523,124.863761,66.36199649,2838.286636,58184.85664,4298.69962,14150.38455,1607.808113,14.51571429
5/14/2023,16.52131402,1.644191828,18.24372662,22.62696893,42.97764067,4587.248543,74.71595943,124.7577167,66.28963775,2836.053348,57847.65721,4307.4479,14032.05584,1603.72411,14.35142857
5/21/2023,16.41014451,1.642209681,18.22491065,22.48212864,43.00741641,4574.302425,74.59835128,124.6514635,66.21585187,2833.572256,57500.11147,4317.098677,13910.12121,1599.87342,14.24142857
5/28/2023,16.30262715,1.640353581,18.20588929,22.34153442,43.03839455,4560.662853,74.47897815,124.5455354,66.14070661,2830.832072,57143.77762,4327.584529,13785.12844,1596.259293,14.39142857
6/4/2023,16.19919724,1.638637251,18.18671811,22.20578899,43.07036136,4546.350617,74.35772716,124.4404546,66.06425963,2827.823206,56780.15922,4338.820301,13657.60947,1592.878844,14.30285714
6/11/2023,16.14758952,1.637517367,18.16961004,22.13326676,43.11229626,4528.871263,74.22069737,124.3402293,65.97826144,2822.53732,56388.90596,4352.542919,13525.75537,1591.138452,14.21428571
6/18/2023,16.1019484,1.636621741,18.15276706,22.06878018,43.15144942,4511.277282,74.0805843,124.2415438,65.89052974,2816.992039,56014.66744,4365.678686,13398.76841,1589.42299,14.23428571
6/25/2023,16.06046975,1.635916166,18.1360998,22.0100179,43.18801152,4493.631864,73.93769829,124.1440277,65.80134571,2811.25803,55654.39733,4378.336257,13275.59601,1587.725645,14.25
7/2/2023,16.02161404,1.635362589,18.11953227,21.95496534,43.22239848,4475.980512,73.79254006,124.0473831,65.71106144,2805.399331,55304.66394,4390.6177,13155.1515,1586.033236,13.78
7/9/2023,15.98429269,1.634926612,18.1030132,21.90217286,43.25506208,4458.35177,73.64559017,123.9513687,65.6199809,2799.463441,54962.49573,4402.607857,13036.544,1584.33535,13.92428571
7/16/2023,15.94782181,1.634579721,18.08651325,21.85071053,43.2864061,4440.7616,73.49723869,123.8557885,65.52833009,2793.481958,54625.60985,4414.374615,12919.12188,1582.626766,13.92428571
7/23/2023,15.9118132,1.634299114,18.07001866,21.80003469,43.31676214,4423.217634,73.34777991,123.7604823,65.43626393,2787.474384,54292.35905,4425.971444,12802.43876,1580.906706,14.02571429
7/30/2023,15.8760712,1.63406674,18.0535255,21.74985833,43.34639205,4405.722384,73.19742964,123.6653202,65.3438837,2781.451999,53961.59375,4437.440564,12686.20128,1579.177409,14.95571429
8/6/2023,15.84051612,1.633868236,18.03703566,21.70005199,43.37549984,4388.275386,73.04634575,123.570197,65.25125336,2775.420844,53632.52481,4448.816066,12570.22237,1577.442961,16.82285714
8/13/2023,15.80513262,1.633692043,18.02055402,21.65057654,43.40424395,4370.874469,72.89464556,123.4750269,65.15841253,2769.383753,53304.61296,4460.126434,12454.38549,1575.708468,17.23285714
8/20/2023,15.76993783,1.633528703,18.00408669,21.60144038,43.43274737,4353.51646,72.74241788,123.3797376,65.06538509,2763.341654,52977.4878,4471.394715,12338.62051,1573.978984,17.13571429
8/27/2023,15.73496313,1.633370361,17.98763987,21.55267426,43.46110593,4336.197589,72.58973158,123.2842673,64.97218508,2757.294372,52650.89325,4482.639583,12222.88748,1572.25916,17.05428571
9/3/2023,15.70024444,1.633210414,17.9712192,21.50431737,43.48939454,4318.913705,72.43664142,123.1885624,64.87882063,2751.24111,52324.65154,4493.876397,12107.16615,1570.553163,17.08571429
9/10/2023,15.66581757,1.633043298,17.95482968,21.45641021,43.51767208,4301.660281,72.28319174,123.092578,64.78529626,2745.180709,51998.63882,4505.117813,11991.44906,1568.864627,16.69714286
9/17/2023,15.63171643,1.632864411,17.93847551,21.40899146,43.54598518,4284.43245,72.12941908,122.9962783,64.69161437,2739.111808,51672.7677,4516.37393,11875.73679,1567.196622,16.52142857
9/24/2023,15.59797235,1.632670068,17.92216029,21.36209704,43.57437082,4267.225141,71.97535398,122.8996363,64.59777589,2733.032929,51346.97689,4527.652709,11760.03522,1565.551706,16.25428571
10/1/2023,15.56461408,1.632457418,17.90588712,21.31575977,43.60285785,4250.033235,71.82102216,122.8026319,64.50378079,2726.94252,51021.22476,4538.960367,11644.35394,1563.931996,16.14714286
10/8/2023,15.53166831,1.632224323,17.88965862,21.27000972,43.63146793,4232.851759,71.66644507,122.7052492,64.40962839,2720.839004,50695.48548,4550.301752,11528.70522,1562.339264,15.89
10/15/2023,15.4991602,1.631969259,17.87347699,21.22487467,43.66021661,4215.67607,71.51164057,122.6074757,64.3153175,2714.720794,50369.74763,4561.68081,11413.10356,1560.775117,15.46857143
10/22/2023,15.46711419,1.631691289,17.85734415,21.18038074,43.68911415,4198.501876,71.35662377,122.5093031,64.22084655,2708.586315,50044.01218,4573.100776,11297.56526,1559.241055,15.57571429
10/29/2023,15.43555537,1.631390117,17.84126187,21.13655338,43.71816668,4181.325338,71.20140772,122.4107293,64.12621381,2702.434024,49718.2906,4584.564266,11182.10808,1557.738478,14.95142857
11/5/2023,15.40451017,1.631066065,17.82523164,21.09341832,43.74737717,4164.143147,71.04600349,122.3117596,64.03141772,2696.262427,49392.60311,4596.073346,11066.75089,1556.268691,14.78428571
11/12/2023,15.37400663,1.630720026,17.80925473,21.05100221,43.77674536,4146.952525,70.89042015,122.212407,63.9364569,2690.070078,49066.97677,4607.629431,10951.51303,1554.832813,14.76714286
11/19/2023,15.34407414,1.630353335,17.7933321,21.00933321,43.80626808,4129.751191,70.73466481,122.112691,63.84132985,2683.855598,48741.44601,4619.232856,10836.41452,1553.431595,14.70571429
11/26/2023,15.31474337,1.629967652,17.77746444,20.96844128,43.83593961,4112.53733,70.57874257,122.0126362,63.74603497,2677.617668,48416.05241,4630.88288,10721.47607,1552.065419,15.01714286
12/3/2023,15.28604627,1.629564828,17.76165222,20.92835849,43.86575151,4095.309522,70.42265672,121.9122709,63.65057043,2671.355027,48090.84372,4642.577752,10606.71899,1550.734312,14.52428571
12/10/2023,15.25801548,1.629146815,17.7458957,20.88911908,43.89569311,4078.066629,70.26640914,121.8116255,63.55493407,2665.066456,47765.87318,4654.314772,10492.16487,1549.43796,14.10571429
12/17/2023,15.23068395,1.628715612,17.73019521,20.85075874,43.92575196,4060.807729,70.1100004,121.7107316,63.45912343,2658.750796,47441.20142,4666.091085,10377.83597,1548.176024,14.57
12/24/2023,15.20408454,1.628273232,17.7145512,20.81331407,43.95591436,4043.532015,69.95342991,121.6096206,63.36313594,2652.406947,47116.89659,4677.903871,10263.75534,1546.948224,14.72142857
12/31/2023,15.17824851,1.627821641,17.69896422,20.77682163,43.98616615,4026.238721,69.7966959,121.5083214,63.2669689,2646.033857,46793.03384,4689.750342,10149.94677,1545.754339,14.51714286
1/7/2024,15.15320441,1.627362617,17.68347691,20.74134359,44.01633502,4008.952055,69.64019885,121.4071733,63.17113361,2639.656343,46471.00117,4701.612452,10036.56884,1544.596846,14.28857143
1/14/2024,15.12897785,1.626897937,17.66810906,20.7069198,44.04635458,3991.681923,69.48418602,121.3063191,63.07586901,2633.285929,46151.50001,4713.478408,9923.748188,1543.476133,13.89285714
1/21/2024,15.10559073,1.626429308,17.65288243,20.67358842,44.07615705,3974.428308,69.32865591,121.205758,62.98112898,2626.922607,45835.19232,4725.334619,9811.621833,1542.392558,14.06428571
1/28/2024,15.08306088,1.625958371,17.63782081,20.64138565,44.10567276,3957.191194,69.17360702,121.1054892,62.88692306,2620.566368,45522.6882,4737.167784,9700.323774,1541.346476,14.8
2/4/2024,15.06140222,1.625486714,17.62294838,20.61034556,44.13483474,3939.970566,69.01903786,121.0055116,62.79330209,2614.217205,45214.54772,4748.964902,9589.984867,1540.338156,15.77857143
2/11/2024,15.04062478,1.625015866,17.60828892,20.58050002,44.16357887,3922.766408,68.86494695,120.9058246,62.70019286,2607.87511,44911.28279,4760.713285,9480.732711,1539.367786,15.71
2/18/2024,15.0207342,1.6245473,17.59386553,20.55187874,44.19184388,3905.578704,68.71133281,120.8064273,62.60762083,2601.540075,44613.35895,4772.400557,9372.691528,1538.435473,16.02571429
2/25/2024,15.00173169,1.624082425,17.57970046,20.5245092,44.21957152,3888.407439,68.55819397,120.7073188,62.51559795,2595.212093,44321.19725,4784.014673,9265.982056,1537.541247,14.36571429
3/3/2024,14.9836144,1.623622588,17.56581506,20.49841667,44.24670652,3871.252596,68.40552896,120.6084983,62.42410201,2588.891154,44035.1761,4795.543917,9160.721448,1536.685068,14.13428571
3/10/2024,14.9663769,1.623169068,17.55222971,20.47362419,44.27319675,3854.114161,68.2533363,120.509965,62.33312413,2582.577252,43755.63306,4806.97691,9057.023176,1535.866824,14.45857143
3/17/2024,14.95001166,1.622723078,17.53896383,20.45015257,44.29899317,3836.992117,68.10161453,120.411718,62.2426847,2576.270379,43482.86665,4818.302622,8954.996942,1535.086339,14.70857143
3/24/2024,14.93450891,1.622285763,17.52603582,20.42802037,44.32404992,3819.886448,67.95036221,120.3137564,62.15276418,2569.970527,43217.13821,4829.51037,8854.748591,1534.343373,15.20714286
3/31/2024,14.91985633,1.621858196,17.51346307,20.40724392,44.34832436,3802.797139,67.79957788,120.2160796,62.06335799,2563.677688,42958.67359,4840.589825,8756.38004,1533.637628,15.24857143
4/7/2024,14.90603908,1.621441381,17.50126193,20.38783731,44.37177702,3785.724175,67.64926008,120.1186865,61.97447292,2557.391853,42707.66495,4851.53102,8659.989202,1532.968748,15.23
4/14/2024,14.89303986,1.621036249,17.48944774,20.3698124,44.39437166,3768.66754,67.49940738,120.0215765,61.88610254,2551.113017,42464.27246,4862.324351,8565.669925,1532.336324,15.30142857
4/21/2024,14.88083916,1.62064366,17.47803476,20.35317884,44.41607529,3751.627217,67.35001834,119.9247487,61.79823784,2544.84117,42228.62599,4872.960578,8473.511931,1531.7399,15.20428571
4/28/2024,14.86941536,1.620264402,17.46703621,20.33794406,44.43685809,3734.603192,67.20109152,119.8282022,61.71088352,2538.576305,42000.82678,4883.430834,8383.600766,1531.17897,15.06857143
5/5/2024,14.85874523,1.619899193,17.45646427,20.32411332,44.45669346,3717.595449,67.05262549,119.7319363,61.6240348,2532.318414,41780.94906,4893.726622,8296.017752,1530.652986,15.01714286
5/12/2024,14.84880448,1.619548677,17.44633004,20.3116897,44.47555797,3700.603973,66.90461883,119.6359501,61.53768538,2526.067489,41569.04162,4903.83982,8210.839951,1530.161359,15.07142857
5/19/2024,14.83956832,1.61921343,17.43664358,20.30067413,44.49343133,3683.628747,66.75707011,119.5402428,61.45183541,2519.823523,41365.12936,4913.762681,8128.140126,1529.703462,15.23333333
